_RAJ2000;_DEJ2000;recno;HR;Name;HD;ADS;VarID;RAJ2000;DEJ2000;Vmag;B-V;SpType;NoteFlag
002.352917;-45.747500;      25;  25;   Eps Phe;   496;     ;         ;00 09 24.7;-45 44 51; 3.88; 1.03;  K0III             ;
003.660000;-18.932778;      48;  48;  7    Cet;  1038;     ;AE Cet   ;00 14 38.4;-18 55 58; 4.44; 1.66;  M3III             ;*
004.857083; -8.823889;      74;  74;  8Iot Cet;  1522;     ;  123    ;00 19 25.7;-08 49 26; 3.56; 1.22;  K1.5III           ;*
005.017917;-64.874722;      77;  77;   Zet Tuc;  1581;     ;         ;00 20 04.3;-64 52 29; 4.23; 0.58;  F9V               ;
006.550833;-43.680000;     100; 100;   Kap Phe;  2262;     ;         ;00 26 12.2;-43 40 48; 3.94; 0.17;  A7V               ;
007.886250;-62.958056;     126; 126;   Bet1Tuc;  2884;     ;         ;00 31 32.7;-62 57 29; 4.37;-0.07;  B9V               ;*
008.250000;+62.931667;     130; 130; 15Kap Cas;  2905;     ;Kap Cas  ;00 33 00.0;+62 55 54; 4.16; 0.14;  B1Ia              ;*
009.242917;+53.896944;     153; 153; 17Zet Cas;  3360;     ;  225    ;00 36 58.3;+53 53 49; 3.66;-0.20;  B2IV              ;*
009.220417;+33.719444;     154; 154; 29Pi  And;  3369;  513;  227    ;00 36 52.9;+33 43 10; 4.36;-0.14;  B5V               ;*
009.638750;+29.311667;     163; 163; 30Eps And;  3546;     ;         ;00 38 33.3;+29 18 42; 4.37; 0.87;  G6IIIFe-3CH1      ;
010.838333;-57.463056;     191; 191;   Eta Phe;  4150;     ;         ;00 43 21.2;-57 27 47; 4.36; 0.00;  A0IV              ;
011.834583;+24.267222;     215; 215; 34Zet And;  4502;     ;Zet And  ;00 47 20.3;+24 16 02; 4.06; 1.12;  K1IIe             ;*
012.170833; +7.585000;     224; 224; 63Del Psc;  4656;     ;         ;00 48 41.0;+07 35 06; 4.43; 1.50;  K4IIIb            ;*
014.188333;+38.499444;     269; 269; 37Mu  And;  5448;  788;         ;00 56 45.2;+38 29 58; 3.87; 0.13;  A5V               ;*
014.301667;+23.417500;     271; 271; 38Eta And;  5516;     ;         ;00 57 12.4;+23 25 03; 4.42; 0.94;  G8IIIb            ;*
014.651667;-29.357500;     280; 280;   Alp Scl;  5737;     ;  359    ;00 58 36.4;-29 21 27; 4.31;-0.16;  B7IIIp            ;*
017.186250;+86.256944;     285; 285;          ;  5848;     ;         ;01 08 44.7;+86 15 25; 4.25; 1.21;  K2II-III          ;*
015.735833; +7.890000;     294; 294; 71Eps Psc;  6186;     ;         ;01 02 56.6;+07 53 24; 4.28; 0.96;  K0III             ;*
017.375833;+47.241944;     335; 335; 42Phi And;  6811;  940;Var?     ;01 09 30.2;+47 14 31; 4.25;-0.07;  B7Ve              ;*
017.096250;-55.245833;     338; 338;   Zet Phe;  6882;     ;Zet Phe  ;01 08 23.1;-55 14 45; 3.92;-0.08;  B6V+B9V           ;*
017.775833;+55.149722;     343; 343; 33The Cas;  6961;     ;  423    ;01 11 06.2;+55 08 59; 4.33; 0.17;  A7V               ;*
021.005833; -8.183333;     402; 402; 45The Cet;  8512; 1118;         ;01 24 01.4;-08 11 00; 3.60; 1.06;  K0III-IIIb        ;*
022.870833;+15.345833;     437; 437; 99Eta Psc;  9270; 1199;  532    ;01 31 29.0;+15 20 45; 3.62; 0.97;  G7IIIa            ;*
022.812917;-49.072778;     440; 440;   Del Phe;  9362;     ;         ;01 31 15.1;-49 04 22; 3.95; 0.99;  K0III             ;
024.199167;+41.405556;     458; 458; 50Ups And;  9826;     ;         ;01 36 47.8;+41 24 20; 4.09; 0.54;  F8V               ;*
024.498333;+48.628333;     464; 464; 51    And;  9927;     ;         ;01 37 59.6;+48 37 42; 3.57; 1.28;  K3-III            ;*
025.357917; +5.487500;     489; 489;106Nu  Psc; 10380;     ;         ;01 41 25.9;+05 29 15; 4.44; 1.36;  K3IIIbBa0.1       ;
025.915000;+50.688611;     496; 496;   Phi Per; 10516;     ;Phi Per  ;01 43 39.6;+50 41 19; 4.07;-0.04;  B2Vep             ;*
026.348333; +9.157778;     510; 510;110Omi Psc; 10761;     ;  615    ;01 45 23.6;+09 09 28; 4.26; 0.96;  G8III             ;*
027.865000;-10.335000;     539; 539; 55Zet Cet; 11353;     ;  638    ;01 51 27.6;-10 20 06; 3.73; 1.14;  K0IIIBa0.1        ;*
028.411667;-46.302500;     555; 555;   Psi Phe; 11695;     ;Psi Phe  ;01 53 38.8;-46 18 09; 4.41; 1.59;  M4III             ;*
028.989583;-51.608889;     566; 566;   Chi Eri; 11937;     ;  671    ;01 55 57.5;-51 36 32; 3.70; 0.85;  G8IIIbCNIV        ;*
030.858750;+72.421389;     580; 580; 50    Cas; 12216;     ;         ;02 03 26.1;+72 25 17; 3.98;-0.01;  A2V               ;
030.001250;-21.077778;     585; 585; 59Ups Cet; 12274;     ;         ;02 00 00.3;-21 04 40; 4.00; 1.57;  M0III             ;*
030.511667; +2.763611;     596; 596;113Alp Psc; 12447; 1615;  705    ;02 02 02.8;+02 45 49; 4.33; 0.03;  A0pSiSr           ;*
033.250000; +8.846667;     649; 649; 65Xi 1Cet; 13611;     ;  749    ;02 13 00.0;+08 50 48; 4.37; 0.89;  G6II-IIICN-2      ;*
034.328750;+33.847222;     664; 664;  9Gam Tri; 14055;     ;         ;02 17 18.9;+33 50 50; 4.01; 0.02;  A1Vnn             ;
034.127500;-51.512222;     674; 674;   Phi Eri; 14228;     ;         ;02 16 30.6;-51 30 44; 3.56;-0.12;  B8V-IV            ;*
035.437083;-68.659444;     705; 705;   Del Hyi; 15008;     ;         ;02 21 44.9;-68 39 34; 4.09; 0.03;  A3V               ;
037.039583; +8.460000;     718; 718; 73Xi 2Cet; 15318;     ;         ;02 28 09.5;+08 27 36; 4.28;-0.06;  B9III             ;
036.746250;-47.703889;     721; 721;   Kap Eri; 15371;     ;         ;02 26 59.1;-47 42 14; 4.25;-0.14;  B5IV              ;*
039.870833; +0.328611;     779; 779; 82Del Cet; 16582;     ;Del Cet  ;02 39 29.0;+00 19 43; 4.07;-0.22;  B2IV              ;*
040.166667;-39.855556;     794; 794;   Iot Eri; 16815;     ;         ;02 40 40.0;-39 51 20; 4.11; 1.02;  K0III             ;
041.050000;+49.228333;     799; 799; 13The Per; 16895; 2081;  902    ;02 44 12.0;+49 13 42; 4.12; 0.49;  F8V               ;*
039.897500;-68.266944;     806; 806;   Eps Hyi; 16978;     ;         ;02 39 35.4;-68 16 01; 4.11;-0.06;  B9V               ;*
041.030833;-13.858611;     811; 811; 89Pi  Cet; 17081;     ;         ;02 44 07.4;-13 51 31; 4.25;-0.14;  B7V               ;
041.235417;+10.114167;     813; 813; 87Mu  Cet; 17094;     ;  909    ;02 44 56.5;+10 06 51; 4.27; 0.31;  F0IV              ;*
041.275833;-18.572500;     818; 818;  1Tau1Eri; 17206;     ;         ;02 45 06.2;-18 34 21; 4.47; 0.48;  F6V               ;*
042.674167;+55.895556;     834; 834; 15Eta Per; 17506; 2157;         ;02 50 41.8;+55 53 44; 3.76; 1.68;  K3-Ib-IIa         ;*
042.495833;+27.260556;     838; 838; 41    Ari; 17573; 2159;  951    ;02 49 59.0;+27 15 38; 3.63;-0.10;  B8Vn              ;*
042.646250;+38.318611;     840; 840; 16    Per; 17584;     ;  956    ;02 50 35.1;+38 19 07; 4.23; 0.34;  F2III             ;*
042.272500;-32.405833;     841; 841;   Bet For; 17652;     ;         ;02 49 05.4;-32 24 21; 4.46; 0.99;  K0-IIIFe-0.5      ;*
043.564583;+52.762500;     854; 854; 18Tau Per; 17878; 2202;Tau Per  ;02 54 15.5;+52 45 45; 3.95; 0.74;  G4III+A4V         ;*
043.470417;-49.890278;     868; 868;          ; 18242;     ;R Hor    ;02 53 52.9;-49 53 25; 4.00; 2.11;  M7IIIe            ;*
044.107083; -8.898056;     874; 874;  3Eta Eri; 18322;     ;  988    ;02 56 25.7;-08 53 53; 3.89; 1.11;  K1-IIIbBa0.2:     ;*
044.567917;-40.304444;     898; 898;   The2Eri; 18623;     ; 1002    ;02 58 16.3;-40 18 16; 4.35; 0.08;  A1V               ;*
045.597917;-23.624444;     919; 919; 11Tau3Eri; 18978;     ;         ;03 02 23.5;-23 37 28; 4.09; 0.16;  A4IV              ;*
047.266667;+49.613333;     937; 937;   Iot Per; 19373;     ;         ;03 09 04.0;+49 36 48; 4.05; 0.59;  G0V               ;*
047.374167;+44.857222;     941; 941; 27Kap Per; 19476; 2368; 1055    ;03 09 29.8;+44 51 26; 3.80; 0.98;  K0III             ;*
047.907500;+19.726667;     951; 951; 57Del Ari; 19787;     ; 1066    ;03 11 37.8;+19 43 36; 4.35; 1.03;  K2III             ;*
048.017917;-28.986944;     963; 963;   Alp For; 20010; 2402; 1074    ;03 12 04.3;-28 59 13; 3.87; 0.52;  F8V               ;*
050.085000;+29.048333;     999; 999;          ; 20644;     ;         ;03 20 20.4;+29 02 54; 4.47; 1.55;  K2II-III          ;
049.879167;-21.757778;    1003;1003; 16Tau4Eri; 20720; 2472;Tau4 Eri ;03 19 31.0;-21 45 28; 3.69; 1.62;  M3.5IIIaCa-1      ;*
049.982083;-43.069722;    1008;1008;          ; 20794;     ;         ;03 19 55.7;-43 04 11; 4.27; 0.71;  G8V               ;*
051.203333; +9.028889;    1030;1030;  1Omi Tau; 21120;     ; 1134    ;03 24 48.8;+09 01 44; 3.60; 0.89;  G6IIIFe-1         ;*
052.267083;+59.940278;    1035;1035;          ; 21291; 2544; 1152    ;03 29 04.1;+59 56 25; 4.21; 0.41;  B9Ia              ;*
051.792500; +9.732778;    1038;1038;  2Xi  Tau; 21364;     ;         ;03 27 10.2;+09 43 58; 3.74;-0.09;  B9Vn              ;*
052.643750;+47.995278;    1052;1052; 35Sig Per; 21552;     ; 1167    ;03 30 34.5;+47 59 43; 4.36; 1.35;  K3III             ;*
052.718333;+12.936667;    1066;1066;  5    Tau; 21754;     ;         ;03 30 52.4;+12 56 12; 4.11; 1.12;  K0II-IIIFe-0.5    ;*
053.232500; -9.458333;    1084;1084; 18Eps Eri; 22049;     ;         ;03 32 55.8;-09 27 30; 3.73; 0.88;  K2V               ;*
054.122500;+48.192778;    1087;1087; 37Psi Per; 22192;     ;Psi Per  ;03 36 29.4;+48 11 34; 4.23;-0.06;  B5Ve              ;*
053.447083;-21.632778;    1088;1088; 19Tau5Eri; 22203;     ;         ;03 33 47.3;-21 37 58; 4.27;-0.11;  B8V+B8V           ;*
054.218333; +0.401667;    1101;1101; 10    Tau; 22484;     ;         ;03 36 52.4;+00 24 06; 4.28; 0.58;  F9IV-V            ;*
056.079583;+32.288333;    1131;1131; 38Omi Per; 23180; 2726;Omi Per  ;03 44 19.1;+32 17 18; 3.83; 0.05;  B1III             ;*
056.298333;+42.578611;    1135;1135; 41Nu  Per; 23230; 2738; 1261    ;03 45 11.6;+42 34 43; 3.77; 0.42;  F5II              ;
055.812083; -9.763333;    1136;1136; 23Del Eri; 23249;     ;Del Eri  ;03 43 14.9;-09 45 48; 3.54; 0.92;  K0+IV             ;*
056.218750;+24.113333;    1142;1142; 17    Tau; 23302;     ;         ;03 44 52.5;+24 06 48; 3.70;-0.11;  B6III             ;*
056.302083;+24.467222;    1145;1145; 19    Tau; 23338;     ; 1264    ;03 45 12.5;+24 28 02; 4.30;-0.11;  B6IV              ;*
056.456667;+24.367778;    1149;1149; 20    Tau; 23408;     ; 1279    ;03 45 49.6;+24 22 04; 3.87;-0.07;  B8III             ;*
057.380000;+65.526111;    1155;1155;          ; 23475;     ;BE Cam   ;03 49 31.2;+65 31 34; 4.47; 1.88;  M2+IIab           ;*
056.581667;+23.948333;    1156;1156; 23    Tau; 23480;     ;V971 Tau ;03 46 19.6;+23 56 54; 4.18;-0.06;  B6IVe             ;*
056.535417;-12.101667;    1162;1162; 26Pi  Eri; 23614;     ;Pi  Eri  ;03 46 08.5;-12 06 06; 4.42; 1.63;  M2III             ;*
056.712083;-23.249722;    1173;1173; 27Tau6Eri; 23754;     ;         ;03 46 50.9;-23 14 59; 4.23; 0.42;  F3III             ;
056.050000;-64.806944;    1175;1175;   Bet Ret; 23817;     ;         ;03 44 12.0;-64 48 25; 3.85; 1.13;  K2+III            ;*
057.290417;+24.053333;    1178;1178; 27    Tau; 23850; 2786; 1345    ;03 49 09.7;+24 03 12; 3.63;-0.09;  B8III             ;*
057.363750;-36.200278;    1195;1195;          ; 24160;     ;         ;03 49 27.3;-36 12 01; 4.17; 0.95;  G9II-III          ;*
059.741250;+35.791111;    1228;1228; 46Xi  Per; 24912;     ;Xi  Per  ;03 58 57.9;+35 47 28; 4.04; 0.01;  O7.5III(n)((f))   ;*
060.789167; +5.989167;    1251;1251; 38Nu  Tau; 25490;     ;         ;04 03 09.4;+05 59 21; 3.91; 0.03;  A1V               ;
061.173750;+22.081944;    1256;1256; 37    Tau; 25604;     ;         ;04 04 41.7;+22 04 55; 4.36; 1.07;  K0+III-IIIaFe-0.2 ;*
061.645833;+50.351389;    1261;1261; 47Lam Per; 25642;     ;         ;04 06 35.0;+50 21 05; 4.29; 0.02;  A0IVn             ;
062.165417;+47.712500;    1273;1273; 48    Per; 25940;     ;MX Per   ;04 08 39.7;+47 42 45; 4.04;-0.03;  B3Ve              ;*
062.966250; -6.837500;    1298;1298; 38Omi1Eri; 26574;     ;Omi1 Eri ;04 11 51.9;-06 50 15; 4.04; 0.33;  F2II-III          ;*
063.724583;+48.409444;    1303;1303; 51Mu  Per; 26630; 3071; 1518    ;04 14 53.9;+48 24 34; 4.14; 0.95;  G0Ib              ;*
063.883750; +8.892222;    1320;1320; 49Mu  Tau; 26912;     ;         ;04 15 32.1;+08 53 32; 4.29;-0.06;  B3IV              ;*
063.817917; -7.652778;    1325;1325; 40Omi2Eri; 26965; 3093;DY Eri   ;04 15 16.3;-07 39 10; 4.43; 0.82;  K1-V              ;*
063.500417;-42.294444;    1326;1326;   Alp Hor; 26967;     ;         ;04 14 00.1;-42 17 40; 3.86; 1.10;  K1III             ;*
064.006667;-51.486667;    1338;1338;   Gam Dor; 27290;     ;Gam Dor  ;04 16 01.6;-51 29 12; 4.25; 0.30;  F4III             ;*
064.948333;+15.627500;    1346;1346; 54Gam Tau; 27371;     ; 1553    ;04 19 47.6;+15 37 39; 3.65; 0.99;  K0-IIIabCN1       ;*
064.473750;-33.798333;    1347;1347; 41Ups4Eri; 27376;     ;Var      ;04 17 53.7;-33 47 54; 3.56;-0.12;  B9V               ;*
064.120417;-59.301944;    1355;1355;   Eps Ret; 27442;     ;         ;04 16 28.9;-59 18 07; 4.44; 1.08;  K2IVa             ;
065.733750;+17.542500;    1373;1373; 61Del1Tau; 27697;     ; 1582    ;04 22 56.1;+17 32 33; 3.76; 0.98;  K0-IIICN0.5       ;*
066.342083;+22.293889;    1387;1387; 65Kap1Tau; 27934; 3201; 1593    ;04 25 22.1;+22 17 38; 4.22; 0.13;  A7IV-V            ;*
066.372500;+17.928056;    1389;1389; 68Del3Tau; 27962; 3206;V776 Tau ;04 25 29.4;+17 55 41; 4.29; 0.05;  A2IV              ;*
066.577083;+22.813611;    1392;1392; 69Ups Tau; 28024;     ;Ups Tau  ;04 26 18.5;+22 48 49; 4.28; 0.26;  A8Vn              ;*
066.009167;-34.016944;    1393;1393; 43    Eri; 28028;     ;         ;04 24 02.2;-34 01 01; 3.96; 1.49;  K4III             ;*
066.586667;+15.618333;    1394;1394; 71    Tau; 28052;     ;V777 Tau ;04 26 20.8;+15 37 06; 4.49; 0.25;  F0V               ;*
067.154167;+19.180278;    1409;1409; 74Eps Tau; 28305;     ;         ;04 28 37.0;+19 10 49; 3.53; 1.01;  G9.5IIICN0.5      ;*
067.143750;+15.962222;    1411;1411; 77The1Tau; 28307;     ;         ;04 28 34.5;+15 57 44; 3.84; 0.95;  K0IIIbFe-0.5      ;*
069.172500;+41.264722;    1454;1454; 58    Per; 29094;     ;         ;04 36 41.4;+41 15 53; 4.25; 1.22;  K4III+A3V         ;*
068.913750;+10.160833;    1458;1458; 88    Tau; 29140; 3317; 1658    ;04 35 39.3;+10 09 39; 4.25; 0.18;  A5m               ;*
069.079583; -3.352500;    1463;1463; 48Nu  Eri; 29248;     ;Nu  Eri  ;04 36 19.1;-03 21 09; 3.93;-0.21;  B2III             ;*
068.887500;-30.562222;    1464;1464; 52Ups2Eri; 29291;     ;         ;04 35 33.0;-30 33 44; 3.82; 0.98;  G8IIIa            ;*
069.539583;+12.510833;    1473;1473; 90    Tau; 29388;     ;         ;04 38 09.5;+12 30 39; 4.27; 0.12;  A6V               ;*
069.545000;-14.303889;    1481;1481; 53    Eri; 29503;     ;         ;04 38 10.8;-14 18 14; 3.87; 1.09;  K2IIIb            ;*
070.110417;-19.671667;    1496;1496; 54    Eri; 29755; 3380;DM Eri   ;04 40 26.5;-19 40 18; 4.32; 1.61;  M4III             ;*
070.561250;+22.956944;    1497;1497; 94Tau Tau; 29763;     ;         ;04 42 14.7;+22 57 25; 4.28;-0.13;  B3V               ;*
070.140417;-41.863889;    1502;1502;   Alp Cae; 29875;     ;Var?     ;04 40 33.7;-41 51 50; 4.45; 0.34;  F2V               ;*
071.375417; -3.254722;    1520;1520; 57Mu  Eri; 30211;     ;         ;04 45 30.1;-03 15 17; 4.02;-0.15;  B5IV              ;*
073.512500;+66.342778;    1542;1542;  9Alp Cam; 30614;     ;         ;04 54 03.0;+66 20 34; 4.29; 0.03;  O9.5Ia            ;*
072.652917; +8.900278;    1544;1544;  2Pi 2Ori; 30739;     ;         ;04 50 36.7;+08 54 01; 4.36; 0.01;  A1Vn              ;*
072.801667; +5.605000;    1552;1552;  3Pi 4Ori; 30836;     ; 1742    ;04 51 12.4;+05 36 18; 3.69;-0.17;  B2III+B2IV        ;*
073.223750; -5.452778;    1560;1560; 61Ome Eri; 31109;     ;         ;04 52 53.7;-05 27 10; 4.39; 0.25;  F4III+A6III       ;*
073.562917; +2.440556;    1567;1567;  8Pi 5Ori; 31237;     ;Pi5 Ori  ;04 54 15.1;+02 26 26; 3.72;-0.18;  B3III+B0V         ;*
074.321667;+53.752222;    1568;1568;  7    Cam; 31278; 3536;         ;04 57 17.2;+53 45 08; 4.47;-0.02;  A1V               ;*
074.092917;+13.514444;    1580;1580;  9Omi2Ori; 31421; 3540;         ;04 56 22.3;+13 30 52; 4.07; 1.15;  K2-IIIFe-1        ;*
074.637083; +1.714167;    1601;1601; 10Pi 6Ori; 31767;     ; 1786    ;04 58 32.9;+01 42 51; 4.47; 1.40;  K2-II             ;
075.854583;+60.442222;    1603;1603; 10Bet Cam; 31910; 3615;         ;05 03 25.1;+60 26 32; 4.03; 0.92;  G1Ib-IIa          ;*
075.619583;+41.075833;    1612;1612;  8Zet Aur; 32068;     ;Zet Aur  ;05 02 28.7;+41 04 33; 3.75; 1.22;  K4II+B8V          ;*
077.286667; -8.754167;    1679;1679; 69Lam Eri; 33328;     ;Lam Eri  ;05 09 08.8;-08 45 15; 4.27;-0.19;  B2IVne            ;*
078.074583;-11.869167;    1696;1696;  3Iot Lep; 33802; 3778;         ;05 12 17.9;-11 52 09; 4.45;-0.10;  B8V               ;*
078.322917; +2.861111;    1698;1698; 17Rho Ori; 33856; 3797; 1872    ;05 13 17.5;+02 51 40; 4.46; 1.19;  K0.5III           ;*
078.307917;-12.941389;    1705;1705;  4Kap Lep; 33949; 3800;         ;05 13 13.9;-12 56 29; 4.36;-0.10;  B9V               ;*
079.401667; -6.844444;    1735;1735; 20Tau Ori; 34503; 3877;         ;05 17 36.4;-06 50 40; 3.60;-0.11;  B5III             ;
079.893750;-13.176667;    1756;1756;  6Lam Lep; 34816;     ;         ;05 19 34.5;-13 10 36; 4.29;-0.26;  B0.5IV            ;*
080.986667; -7.808056;    1784;1784; 29    Ori; 35369;     ;         ;05 23 56.8;-07 48 29; 4.14; 0.96;  G8IIIFe-0.5       ;
082.696250; +5.948056;    1839;1839; 32    Ori; 36267; 4115;         ;05 30 47.1;+05 56 53; 4.20;-0.14;  B5V               ;*
083.053333;+18.594444;    1845;1845;119    Tau; 36389;     ;CE Tau   ;05 32 12.8;+18 35 40; 4.38; 2.07;  M2Iab-Ib          ;*
082.802917;-35.470556;    1862;1862;   Eps Col; 36597;     ;         ;05 31 12.7;-35 28 14; 3.87; 1.14;  K1IIIa            ;
083.705000; +9.489444;    1876;1876; 37Phi1Ori; 36822;     ;         ;05 34 49.2;+09 29 22; 4.41;-0.16;  B0III             ;*
083.784583; +9.934167;    1879;1879; 39Lam Ori; 36861; 4179; 2240    ;05 35 08.3;+09 56 03; 3.54;-0.18;  O8III((f))        ;*
084.226250; +9.290556;    1907;1907; 40Phi2Ori; 37160;     ;         ;05 36 54.3;+09 17 26; 4.09; 0.95;  K0IIIbFe-2        ;*
083.406250;-62.489722;    1922;1922;   Bet Dor; 37350;     ;Bet Dor  ;05 33 37.5;-62 29 23; 3.76; 0.82;  F6Ia              ;*
084.686667; -2.600000;    1931;1931; 48Sig Ori; 37468; 4241;         ;05 38 44.8;-02 36 00; 3.81;-0.24;  O9.5V             ;*
085.190000; -1.942778;    1949;1949; 50Zet Ori; 37743; 4263; 2553    ;05 40 45.6;-01 56 34; 4.21;     ;  B0III             ;*
086.115833;-22.448333;    1983;1983; 13Gam Lep; 38393; 4334;         ;05 44 27.8;-22 26 54; 3.60; 0.47;  F6V               ;*
086.738750;-14.821944;    1998;1998; 14Zet Lep; 38678;     ;         ;05 46 57.3;-14 49 19; 3.55; 0.10;  A3Vn              ;
087.872500;+39.148611;    2012;2012; 32Nu  Aur; 39003; 4440;         ;05 51 29.4;+39 08 55; 3.97; 1.13;  G9.5III*          ;*
086.193333;-65.735556;    2015;2015;   Del Dor; 39014;     ;         ;05 44 46.4;-65 44 08; 4.35; 0.21;  A7V               ;
086.821250;-51.066389;    2020;2020;   Bet Pic; 39060;     ;         ;05 47 17.1;-51 03 59; 3.85; 0.17;  A5V               ;*
087.830417;-20.879167;    2035;2035; 15Del Lep; 39364;     ;         ;05 51 19.3;-20 52 45; 3.81; 0.99;  K0IIIFe-1.5CH0.5  ;*
088.595417;+20.276111;    2047;2047; 54Chi1Ori; 39587;     ;         ;05 54 22.9;+20 16 34; 4.41; 0.59;  G0V               ;*
089.881667;+54.284722;    2077;2077; 33Del Aur; 40035;     ;         ;05 59 31.6;+54 17 05; 3.72; 1.00;  K0-III            ;
089.101250;-14.167778;    2085;2085; 16Eta Lep; 40136;     ;         ;05 56 24.3;-14 10 04; 3.71; 0.33;  F1III             ;
089.983750;+45.936944;    2091;2091; 35Pi  Aur; 40239;     ;Pi  Aur  ;05 59 56.1;+45 56 13; 4.26; 1.72;  M3II              ;*
089.384167;-35.283333;    2106;2106;   Gam Col; 40494;     ;         ;05 57 32.2;-35 17 00; 4.36;-0.18;  B2.5IV            ;
089.786667;-42.815278;    2120;2120;   Eta Col; 40808;     ;         ;05 59 08.8;-42 48 55; 3.96; 1.14;  K0III             ;
090.595833; +9.647500;    2124;2124; 61Mu  Ori; 40932; 4617; 2792    ;06 02 23.0;+09 38 51; 4.12; 0.16;  A2V               ;*
091.030000;+23.263333;    2134;2134;  1    Gem; 41116;     ;Var?     ;06 04 07.2;+23 15 48; 4.16; 0.82;  G7III             ;*
091.892917;+14.768333;    2159;2159; 67Nu  Ori; 41753;     ;         ;06 07 34.3;+14 46 06; 4.42;-0.17;  B3V               ;*
092.985000;+14.208889;    2199;2199; 70Xi  Ori; 42560;     ;         ;06 11 56.4;+14 12 32; 4.48;-0.18;  B3IV              ;*
093.844583;+29.498056;    2219;2219; 44Kap Aur; 43039;     ; 2877    ;06 15 22.7;+29 29 53; 4.35; 1.02;  G8.5IIIb          ;
093.713750; -6.274722;    2227;2227;  5Gam Mon; 43232; 4853;         ;06 14 51.3;-06 16 29; 3.98; 1.32;  K1.5IIIBa0.3      ;*
094.905833;+59.010833;    2238;2238;  2    Lyn; 43378;     ;UZ Lyn   ;06 19 37.4;+59 00 39; 4.48; 0.01;  A2V s             ;*
094.137917;-35.140556;    2256;2256;   Kap Col; 43785;     ; 2897    ;06 16 33.1;-35 08 26; 4.37; 1.00;  K0.5IIIa          ;*
095.528333;-33.436389;    2296;2296;   Del Col; 44762;     ;         ;06 22 06.8;-33 26 11; 3.85; 0.88;  G7II              ;*
095.942083; +4.592778;    2298;2298;  8Eps Mon; 44769; 5012;         ;06 23 46.1;+04 35 34; 4.44; 0.18;  A5IV              ;*
097.240833;+20.212222;    2343;2343; 18Nu  Gem; 45542; 5103;         ;06 28 57.8;+20 12 44; 4.15;-0.13;  B6IIIe            ;*
097.042083;-32.580000;    2361;2361;   Lam CMa; 45813;     ;         ;06 28 10.1;-32 34 48; 4.48;-0.17;  B4V               ;
098.225833; +7.333056;    2385;2385; 13    Mon; 46300;     ;         ;06 32 54.2;+07 19 59; 4.50; 0.00;  A0Ib              ;*
097.963750;-23.418333;    2387;2387;  4Xi 1CMa; 46328; 5176;Xi1 CMa  ;06 31 51.3;-23 25 06; 4.33;-0.24;  B0.5IV            ;*
099.170833;-19.255833;    2429;2429;  7Nu 2CMa; 47205;     ; 3047    ;06 36 41.0;-19 15 21; 3.95; 1.06;  K1III             ;
098.744167;-52.975556;    2435;2435;          ; 47306;     ;         ;06 34 58.6;-52 58 32; 4.39;-0.02;  A0II              ;
099.472500;-18.237500;    2443;2443;  8Nu 3CMa; 47442;     ;         ;06 37 53.4;-18 14 15; 4.43; 1.15;  K1-II-III         ;*
100.997083;+13.227778;    2478;2478; 30    Gem; 48433; 5387;         ;06 43 59.3;+13 13 40; 4.49; 1.16;  K0IIICN1Ca1       ;*
101.965000; +2.412222;    2506;2506; 18    Mon; 49293;     ;         ;06 47 51.6;+02 24 44; 4.47; 1.11;  K0+IIIaBa0.2      ;*
102.460417;-32.508611;    2538;2538; 13Kap CMa; 50013;     ;Kap CMa  ;06 49 50.5;-32 30 31; 3.96;-0.23;  B1.5IVne          ;*
103.197083;+33.961111;    2540;2540; 34The Gem; 50019; 5532;         ;06 52 47.3;+33 57 40; 3.60; 0.10;  A3III             ;
102.463750;-53.622222;    2554;2554;          ; 50337;     ;V415 Car ;06 49 51.3;-53 37 20; 4.40; 0.92;  G6II              ;*
104.318750;+58.422500;    2560;2560; 15    Lyn; 50522; 5586;         ;06 57 16.5;+58 25 21; 4.35; 0.85;  G5III-IV          ;*
103.547500;-12.038611;    2574;2574; 14The CMa; 50778;     ;         ;06 54 11.4;-12 02 19; 4.07; 1.43;  K4III             ;*
103.532917;-24.183889;    2580;2580; 16Omi1CMa; 50877;     ;Omi1 CMa ;06 54 07.9;-24 11 02; 3.87; 1.73;  K2+Iab            ;*
104.034167;-17.054167;    2596;2596; 20Iot CMa; 51309;     ;Iot CMa  ;06 56 08.2;-17 03 15; 4.37;-0.07;  B3II              ;*
106.027083;+20.570278;    2650;2650; 43Zet Gem; 52973; 5742;Zet Gem  ;07 04 06.5;+20 34 13; 3.79; 0.79;  F7-G3Ib           ;*
105.939583;-15.633333;    2657;2657; 23Gam CMa; 53244;     ;         ;07 03 45.5;-15 38 00; 4.12;-0.12;  B8II              ;*
107.785000;+30.245278;    2697;2697; 46Tau Gem; 54719; 5846; 3437    ;07 11 08.4;+30 14 43; 4.41; 1.26;  K2-III            ;*
107.966250; -0.492778;    2714;2714; 22Del Mon; 55185; 5864;         ;07 11 51.9;-00 29 34; 4.15;-0.01;  A2V               ;
107.187083;-70.498889;    2736;2736;   Gam2Vol; 55865;     ; 3448    ;07 08 44.9;-70 29 56; 3.78; 1.04;  K0III             ;*
108.140000;-46.759444;    2740;2740;          ; 55892;     ;QW Pup   ;07 12 33.6;-46 45 34; 4.49; 0.32;  F0IV              ;*
108.702917;-26.772778;    2749;2749; 28Ome CMa; 56139;     ;Ome CMa  ;07 14 48.7;-26 46 22; 3.85;-0.17;  B2IV-Ve           ;*
109.523333;+16.540278;    2763;2763; 54Lam Gem; 56537; 5961; 3512    ;07 18 05.6;+16 32 25; 3.58; 0.11;  A3V               ;*
110.030833;+21.982222;    2777;2777; 55Del Gem; 56986; 5983;         ;07 20 07.4;+21 58 56; 3.53; 0.34;  F2IV              ;*
109.676667;-24.954167;    2782;2782; 30Tau CMa; 57061; 5977; 3528    ;07 18 42.4;-24 57 15; 4.40;-0.15;  O9Ib              ;*
109.207500;-67.957222;    2803;2803;   Del Vol; 57623;     ;         ;07 16 49.8;-67 57 26; 3.98; 0.79;  F6II              ;
111.431667;+27.798056;    2821;2821; 60Iot Gem; 58207;     ;         ;07 25 43.6;+27 47 53; 3.79; 1.03;  G9IIIbHdel -1     ;*
112.277917;+31.784444;    2852;2852; 62Rho Gem; 58946; 6109;         ;07 29 06.7;+31 47 04; 4.18; 0.32;  F0V               ;*
112.040833; +8.925556;    2854;2854;  4Gam CMi; 58972; 6100;         ;07 28 09.8;+08 55 32; 4.32; 1.43;  K3-IIIFe-0.5      ;*
113.980417;+26.895833;    2905;2905; 69Ups Gem; 60522;     ; 3652    ;07 35 55.3;+26 53 45; 4.06; 1.54;  M0III-IIIb        ;*
113.513333;-22.296111;    2906;2906;          ; 60532;     ;         ;07 34 03.2;-22 17 46; 4.45; 0.51;  F6IV              ;*
114.705417;-26.801667;    2948;2948;          ; 61555; 6255; 3673    ;07 38 49.3;-26 48 06; 4.50;-0.17;  B6V               ;*
115.311667; -9.551111;    2970;2970; 26Alp Mon; 61935;     ;         ;07 41 14.8;-09 33 04; 3.93; 1.02;  K0III             ;*
115.827917;+28.883611;    2973;2973; 75Sig Gem; 62044;     ;Sig Gem  ;07 43 18.7;+28 53 01; 4.28; 1.12;  K1III             ;*
116.111667;+24.398056;    2985;2985; 77Kap Gem; 62345; 6321;         ;07 44 26.8;+24 23 53; 3.57; 0.93;  G8IIIa            ;*
115.952083;-28.954722;    2996;2996;  3    Pup; 62623;     ;         ;07 43 48.5;-28 57 17; 3.96; 0.18;  A2Iabe            ;*
116.313750;-37.968611;    3017;3017;          ; 63032;     ; 3723    ;07 45 15.3;-37 58 07; 3.61; 1.73;  K2.5Ib-II         ;*
115.455000;-72.606111;    3024;3024;   Zet Vol; 63295;     ;         ;07 41 49.2;-72 36 22; 3.95; 1.04;  K0III             ;
117.021667;-25.937222;    3034;3034;   Omi Pup; 63462; 6384; 3745    ;07 48 05.2;-25 56 14; 4.50;-0.05;  B0V:pe:           ;*
117.309583;-46.373333;    3055;3055;          ; 63922;     ;         ;07 49 14.3;-46 22 24; 4.11;-0.18;  B0III             ;*
118.054167;-40.575833;    3080;3080;          ; 64440;     ;         ;07 52 13.0;-40 34 33; 3.73; 1.04;  K1-2II+A0         ;*
118.161250;-38.863056;    3084;3084;          ; 64503;     ;QZ Pup   ;07 52 38.7;-38 51 47; 4.49;-0.19;  B2.5V             ;*
118.325833;-48.103056;    3090;3090;          ; 64760;     ;         ;07 53 18.2;-48 06 11; 4.24;-0.14;  B0.5Ib            ;*
119.214583;-22.880000;    3102;3102; 11    Pup; 65228;     ;         ;07 56 51.5;-22 52 48; 4.20; 0.72;  F7II              ;*
119.560000;-49.245000;    3129;3129;          ; 65818;     ;V Pup    ;07 58 14.4;-49 14 42; 4.41;-0.17;  B1Vp+B3IV:        ;*
120.566250; +2.334444;    3145;3145;          ; 66141;     ;         ;08 02 15.9;+02 20 04; 4.39; 1.25;  K2III             ;
122.148333; -2.983889;    3188;3188; 29Zet Mon; 67594; 6617;         ;08 08 35.6;-02 59 02; 4.34; 0.97;  G2Ib              ;*
122.256667;-19.245000;    3192;3192; 16    Pup; 67797;     ;         ;08 09 01.6;-19 14 42; 4.40;-0.15;  B5IV              ;
122.372083;-47.345833;    3206;3206;   Gam1Vel; 68243;     ; 3930    ;08 09 29.3;-47 20 45; 4.27;-0.23;  B1IV              ;*
121.982500;-68.617222;    3223;3223;   Eps Vol; 68520;     ;         ;08 07 55.8;-68 37 02; 4.35;-0.11;  B6IV              ;*
122.839583;-39.618611;    3225;3225;          ; 68553;     ;NS Pup   ;08 11 21.5;-39 37 07; 4.45; 1.62;  K3Ib              ;*
123.512083;-40.348056;    3243;3243;          ; 69142;     ;         ;08 14 02.9;-40 20 53; 4.44; 1.17;  K1II-III          ;*
124.128750; +9.185556;    3249;3249; 17Bet Cnc; 69267; 6704; 3973    ;08 16 30.9;+09 11 08; 3.52; 1.48;  K4IIIBa0.5        ;*
124.638750;-36.659444;    3270;3270;          ; 70060;     ;         ;08 18 33.3;-36 39 34; 4.45; 0.22;  A7III             ;
125.708750;+43.188056;    3275;3275; 31    Lyn; 70272;     ; 4030    ;08 22 50.1;+43 11 17; 4.25; 1.55;  K4.5III-IIIb      ;*
126.415000; -3.906389;    3314;3314;          ; 71155;     ;         ;08 25 39.6;-03 54 23; 3.90;-0.02;  A0V               ;
124.631667;-76.919722;    3318;3318;   Alp Cha; 71243;     ;         ;08 18 31.6;-76 55 11; 4.07; 0.39;  F5III             ;
125.160417;-77.484444;    3340;3340;   The Cha; 71701;     ;         ;08 20 38.5;-77 29 04; 4.35; 1.16;  K2IIICN0.5        ;
126.434167;-66.136944;    3347;3347;   Bet Vol; 71878;     ; 4088    ;08 25 44.2;-66 08 13; 3.77; 1.13;  K1III             ;
129.414167; +5.703611;    3410;3410;  4Del Hya; 73262;     ;         ;08 37 39.4;+05 42 13; 4.16; 0.00;  A1Vnn             ;
129.689167; +3.341389;    3418;3418;  5Sig Hya; 73471;     ;         ;08 38 45.4;+03 20 29; 4.44; 1.21;  K1+III            ;*
129.411250;-42.989167;    3426;3426;          ; 73634;     ;         ;08 37 38.7;-42 59 21; 4.14; 0.11;  A6II              ;
130.025833;-35.308333;    3438;3438;   Bet Pyx; 74006;     ;         ;08 40 06.2;-35 18 30; 3.97; 0.94;  G7Ib-II           ;
130.156667;-46.648889;    3445;3445;          ; 74180;     ; 4199    ;08 40 37.6;-46 38 56; 3.84; 0.71;  F3Ia              ;*
130.073333;-52.921944;    3447;3447;          ; 74195;     ;o Vel    ;08 40 17.6;-52 55 19; 3.62;-0.18;  B3IV              ;*
130.806250; +3.398611;    3454;3454;  7Eta Hya; 74280;     ;Eta Hya  ;08 43 13.5;+03 23 55; 4.30;-0.20;  B3V               ;*
130.154167;-59.761111;    3457;3457;          ; 74375;     ;V343 Car ;08 40 37.0;-59 45 40; 4.33;-0.11;  B1.5III           ;*
131.171250;+18.154167;    3461;3461; 47Del Cnc; 74442; 6967;         ;08 44 41.1;+18 09 15; 3.94; 1.08;  K0III-IIIb        ;*
130.897917;-33.186389;    3468;3468;   Alp Pyx; 74575;     ; 4220    ;08 43 35.5;-33 11 11; 3.68;-0.18;  B1.5III           ;*
131.674167;+28.760000;    3475;3475; 48Iot Cnc; 74739; 6988; 4238    ;08 46 41.8;+28 45 36; 4.02; 1.01;  G7.5IIIaBa0.1     ;*
131.100000;-42.649167;    3477;3477;          ; 74772;     ;         ;08 44 24.0;-42 38 57; 4.07; 0.87;  G5III             ;*
131.593750;-13.547778;    3484;3484; 12    Hya; 74918;     ;         ;08 46 22.5;-13 32 52; 4.32; 0.90;  G8-IIIFe-1        ;*
131.507083;-46.041667;    3487;3487;          ; 75063;     ;         ;08 46 01.7;-46 02 30; 3.91; 0.00;  A1III             ;
132.108333; +5.837778;    3492;3492; 13Rho Hya; 75137; 7006;         ;08 48 26.0;+05 50 16; 4.36;-0.04;  A0Vn              ;*
131.677083;-56.769722;    3498;3498;          ; 75311;     ;V344 Car ;08 46 42.5;-56 46 11; 4.49;-0.17;  B3Vne             ;*
132.632917;-27.710000;    3518;3518;   Gam Pyx; 75691;     ;         ;08 50 31.9;-27 42 36; 4.01; 1.27;  K3-III            ;
133.761667;-60.644722;    3571;3571;          ; 76728;     ;         ;08 55 02.8;-60 38 41; 3.84;-0.10;  B8-9II            ;*
134.621667;+11.857778;    3572;3572; 65Alp Cnc; 76756; 7115; 4327    ;08 58 29.2;+11 51 28; 4.25; 0.14;  A5m               ;*
135.160000;+41.782778;    3579;3579;          ; 76943;     ;         ;09 00 38.4;+41 46 58; 3.97; 0.44;  F5V               ;*
135.022500;-41.253889;    3591;3591;          ; 77258;     ; 4346    ;09 00 05.4;-41 15 14; 4.45; 0.65;  G8-K1III+A        ;*
135.906250;+47.156667;    3594;3594; 12Kap UMa; 77327; 7158; 4357    ;09 03 37.5;+47 09 24; 3.60; 0.00;  A1Vn              ;*
136.038750;-47.097778;    3614;3614;          ; 78004;     ;         ;09 04 09.3;-47 05 52; 3.75; 1.20;  K2III             ;
135.611667;-66.396111;    3615;3615;   Alp Vol; 78045;     ;         ;09 02 26.8;-66 23 46; 4.00; 0.14;  A2-3IVm           ;*
137.217917;+51.604722;    3619;3619; 15    UMa; 78209;     ;         ;09 08 52.3;+51 36 17; 4.48; 0.27;  F0IVm vs          ;*
136.286667;-72.602778;    3643;3643;          ; 78791;     ;         ;09 05 08.8;-72 36 10; 4.48; 0.61;  F9II              ;
137.819167;-62.317222;    3663;3663;          ; 79447;     ;         ;09 11 16.6;-62 19 02; 3.97;-0.18;  B3III             ;*
138.591250; +2.314167;    3665;3665; 22The Hya; 79469; 7253; 4425    ;09 14 21.9;+02 18 51; 3.88;-0.06;  B9.5V             ;*
139.711250;+36.802500;    3690;3690; 38    Lyn; 80081; 7292;         ;09 18 50.7;+36 48 09; 3.82; 0.06;  A3V               ;*
139.050833;-57.541389;    3696;3696;          ; 80230;     ; 4440    ;09 16 12.2;-57 32 29; 4.34; 1.63;  M1III             ;
141.163750;+26.182222;    3731;3731;  1Kap Leo; 81146; 7351; 4478    ;09 24 39.3;+26 10 56; 4.46; 1.23;  K2III             ;*
144.271667;+81.326389;    3751;3751;          ; 81817;     ;         ;09 37 05.2;+81 19 35; 4.29; 1.48;  K3IIIa            ;
142.882083;+63.061944;    3757;3757; 23    UMa; 81937; 7402; 4506    ;09 31 31.7;+63 03 43; 3.67; 0.33;  F0IV              ;*
142.930000;+22.968056;    3773;3773;  4Lam Leo; 82308;     ; 4514    ;09 31 43.2;+22 58 05; 4.31; 1.54;  K5III             ;*
142.675000;-40.466667;    3786;3786;   Psi Vel; 82434;     ; 4513    ;09 30 42.0;-40 28 00; 3.60; 0.36;  F3IV+F0IV         ;*
143.706250;+52.051389;    3799;3799; 26    UMa; 82621;     ;         ;09 34 49.5;+52 03 05; 4.50; 0.01;  A2V               ;
143.611250;-59.229444;    3825;3825;          ; 83183;     ;         ;09 34 26.7;-59 13 46; 4.08; 0.01;  B5II              ;*
144.206667;-49.355278;    3836;3836;          ; 83446;     ;         ;09 36 49.6;-49 21 19; 4.35; 0.17;  A5IV-V            ;
144.964167; -1.142778;    3845;3845; 35Iot Hya; 83618;     ; 4568    ;09 39 51.4;-01 08 34; 3.91; 1.32;  K2.5III-IIIbBa0.3 ;*
145.287500; +9.892222;    3852;3852; 14Omi Leo; 83808; 7480;         ;09 41 09.0;+09 53 32; 3.52; 0.49;  F6II+A1-5V        ;*
146.311667;-62.507778;    3884;3884;          ; 84810;     ;l Car    ;09 45 14.8;-62 30 28; 3.69; 1.22;  G5Iab-Ib          ;*
147.747500;+59.038611;    3888;3888; 29Ups UMa; 84999; 7534;Ups UMa  ;09 50 59.4;+59 02 19; 3.80; 0.29;  F2IV              ;*
147.869583;-14.846667;    3903;3903; 39Ups1Hya; 85444;     ;         ;09 51 28.7;-14 50 48; 4.12; 0.92;  G7-III            ;*
148.190833;+26.006944;    3905;3905; 24Mu  Leo; 85503;     ;         ;09 52 45.8;+26 00 25; 3.88; 1.22;  K2IIICN1Ca1       ;*
149.215833;-54.567778;    3940;3940;   Phi Vel; 86440;     ;         ;09 56 51.8;-54 34 04; 3.54;-0.08;  B5Ib              ;*
151.857500;+35.244722;    3974;3974; 21    LMi; 87696;     ; 4736    ;10 07 25.8;+35 14 41; 4.48; 0.18;  A7V               ;*
151.833333;+16.762778;    3975;3975; 30Eta Leo; 87737;     ; 4738    ;10 07 20.0;+16 45 46; 3.52;-0.03;  A0Ib              ;*
151.976250; +9.997500;    3980;3980; 31    Leo; 87837; 7649;         ;10 07 54.3;+09 59 51; 4.37; 1.45;  K3.5IIIbFe-1      ;*
151.984583; -0.371667;    3981;3981; 15Alp Sex; 87887;     ;         ;10 07 56.3;-00 22 18; 4.49;-0.04;  A0III             ;
152.647083;-12.354167;    3994;3994; 41Lam Hya; 88284; 7671;         ;10 10 35.3;-12 21 15; 3.61; 1.01;  K0IIICN1          ;*
153.684167;-42.121944;    4023;4023;          ; 88955;     ;         ;10 14 44.2;-42 07 19; 3.85; 0.05;  A2V               ;*
154.994167;+19.840556;    4058;4058; 41Gam2Leo; 89485; 7724; 4823    ;10 19 58.6;+19 50 26; 3.80;     ;  G7IIIFe-1         ;*
155.228333;-56.043056;    4074;4074;          ; 89890;     ;         ;10 20 54.8;-56 02 35; 4.50;-0.12;  B3IIIe            ;*
156.522500;-16.836389;    4094;4094; 42Mu  Hya; 90432;     ;         ;10 26 05.4;-16 50 11; 3.81; 1.48;  K4.5III           ;
156.970833;+36.707222;    4100;4100; 31Bet LMi; 90537; 7780;         ;10 27 53.0;+36 42 26; 4.21; 0.90;  G9IIIab           ;*
156.098750;-74.031667;    4102;4102;          ; 90589;     ; 4856    ;10 24 23.7;-74 01 54; 4.00; 0.35;  F2IV              ;
156.787917;-31.067778;    4104;4104;   Alp Ant; 90610;     ; 4862    ;10 27 09.1;-31 04 04; 4.25; 1.45;  K4III             ;*
156.969583;-58.739444;    4114;4114;          ; 90853;     ; 4869    ;10 27 52.7;-58 44 22; 3.82; 0.31;  F2II              ;*
158.202917; +9.306667;    4133;4133; 47Rho Leo; 91316;     ;Rho Leo  ;10 32 48.7;+09 18 24; 3.85;-0.14;  B1Ib              ;*
158.897083;-57.557778;    4159;4159;          ; 91942;     ; 4904    ;10 35 35.3;-57 33 28; 4.45; 1.62;  K3-4II            ;
159.325417;-48.225833;    4167;4167;          ; 92139;     ;         ;10 37 18.1;-48 13 33; 3.84; 0.30;  F4IV+F3           ;*
158.867083;-78.607778;    4174;4174;   Gam Cha; 92305;     ; 4913    ;10 35 28.1;-78 36 28; 4.11; 1.58;  M0III             ;
159.826667;-55.603333;    4180;4180;          ; 92449;     ;         ;10 39 18.4;-55 36 12; 4.28; 1.04;  G2-3Ib            ;*
161.445000;-80.540278;    4234;4234;   Del2Cha; 93845;     ;         ;10 45 46.8;-80 32 25; 4.45;-0.19;  B2.5IV            ;*
163.327917;+34.215000;    4247;4247; 46    LMi; 94264;     ; 4999    ;10 53 18.7;+34 12 54; 3.83; 1.04;  K0+III-IV         ;*
163.373333;-58.853333;    4257;4257;          ; 94510;     ; 5011    ;10 53 29.6;-58 51 12; 3.78; 0.95;  K1III             ;*
163.903333;+24.749722;    4259;4259; 54    Leo; 94601; 7979;         ;10 55 36.8;+24 44 59; 4.50; 0.01;  A1V               ;*
164.943750;-18.298889;    4287;4287;  7Alp Crt; 95272;     ;         ;10 59 46.5;-18 17 56; 4.08; 1.09;  K0+III            ;*
165.038750;-42.225833;    4293;4293;          ; 95370;     ;         ;11 00 09.3;-42 13 33; 4.39; 0.11;  A3IV              ;
165.582500;+20.179722;    4300;4300; 60    Leo; 95608;     ;         ;11 02 19.8;+20 10 47; 4.42; 0.05;  A1m               ;
167.147500;-58.975000;    4337;4337;          ; 96918;     ;V382 Car ;11 08 35.4;-58 58 30; 3.91; 1.23;  G40-Ia            ;*
167.914583;-22.825833;    4343;4343; 11Bet Crt; 97277;     ;         ;11 11 39.5;-22 49 33; 4.48; 0.03;  A2III             ;
169.165417; -3.651667;    4368;4368; 74Phi Leo; 98058;     ;         ;11 16 39.7;-03 39 06; 4.47; 0.21;  A7IVn             ;*
169.545833;+31.529167;    4375;4375; 53Xi  UMa; 98231; 8119; 5165    ;11 18 11.0;+31 31 45; 4.41; 0.59;  G0V               ;*
169.835417;-14.778611;    4382;4382; 12Del Crt; 98430;     ;         ;11 19 20.5;-14 46 43; 3.56; 1.12;  G8III-IV          ;
170.284167; +6.029444;    4386;4386; 77Sig Leo; 98664;     ;         ;11 21 08.2;+06 01 46; 4.05;-0.06;  B9.5V s           ;
170.251667;-54.491111;    4390;4390;   Pi  Cen; 98718;     ;         ;11 21 00.4;-54 29 28; 3.89;-0.15;  B5Vn              ;*
170.981250;+10.529167;    4399;4399; 78Iot Leo; 99028; 8148; 5184    ;11 23 55.5;+10 31 45; 3.94; 0.41;  F4IV              ;*
171.220417;-17.683889;    4405;4405; 15Gam Crt; 99211; 8153;         ;11 24 52.9;-17 41 02; 4.08; 0.21;  A5V               ;*
172.850833;+69.331111;    4434;4434;  1Lam Dra;100029;     ; 5231    ;11 31 24.2;+69 19 52; 3.84; 1.62;  M0IIICa-1         ;*
173.250417;-31.857778;    4450;4450;   Xi  Hya;100407;     ;         ;11 33 00.1;-31 51 28; 3.54; 0.94;  G7III             ;*
174.237083; -0.823889;    4471;4471; 91Ups Leo;100920;     ;         ;11 36 56.9;-00 49 26; 4.30; 1.00;  G8.5IIICN-0.5     ;*
176.465000; +6.529444;    4517;4517;  3Nu  Vir;102212;     ; 5318    ;11 45 51.6;+06 31 46; 4.03; 1.51;  M1IIIab           ;*
176.512500;+47.779444;    4518;4518; 63Chi UMa;102224;     ; 5319    ;11 46 03.0;+47 46 46; 3.71; 1.18;  K0.5IIIb          ;*
176.401667;-66.728611;    4520;4520;   Lam Mus;102249;     ;         ;11 45 36.4;-66 43 43; 3.64; 0.16;  A7III             ;*
176.628333;-61.178333;    4522;4522;          ;102350;     ; 5325    ;11 46 30.8;-61 10 42; 4.11; 0.90;  G5Ib-II           ;*
177.421250;-63.788333;    4537;4537;          ;102776;     ; 5357    ;11 49 41.1;-63 47 18; 4.32;-0.15;  B3Vne             ;*
177.673750; +1.764722;    4540;4540;  5Bet Vir;102870;     ;         ;11 50 41.7;+01 45 53; 3.61; 0.55;  F9V               ;*
177.786250;-45.173611;    4546;4546;          ;102964;     ;         ;11 51 08.7;-45 10 25; 4.46; 1.30;  K3III             ;
178.227500;-33.908056;    4552;4552;   Bet Hya;103192;     ;Bet Hya  ;11 52 54.6;-33 54 29; 4.28;-0.10;  B9IIIpSi          ;*
180.756250;-63.312778;    4599;4599;   The1Cru;104671;     ;         ;12 03 01.5;-63 18 46; 4.33; 0.27;  Am                ;*
181.302083; +8.733056;    4608;4608;  9Omi Vir;104979;     ;         ;12 05 12.5;+08 43 59; 4.12; 0.98;  G8IIIaCN-1Ba1CH1  ;*
181.720417;-64.613611;    4616;4616;   Eta Cru;105211;     ;         ;12 06 52.9;-64 36 49; 4.15; 0.34;  F2III             ;
182.021667;-50.661389;    4618;4618;          ;105382;     ;         ;12 08 05.2;-50 39 41; 4.47;-0.15;  B6IIIe            ;*
182.103333;-24.728889;    4623;4623;  1Alp Crv;105452;     ;         ;12 08 24.8;-24 43 44; 4.02; 0.32;  F2III-IV          ;*
182.912917;-52.368611;    4638;4638;   Rho Cen;105937;     ;         ;12 11 39.1;-52 22 07; 3.96;-0.15;  B3V               ;*
184.392083;-67.960833;    4671;4671;   Eps Mus;106849;     ;Eps Mus  ;12 17 34.1;-67 57 39; 4.11; 1.58;  M5III             ;*
184.586250;-79.312222;    4674;4674;   Bet Cha;106911;     ; 5532    ;12 18 20.7;-79 18 44; 4.26;-0.12;  B5Vn              ;*
184.608750;-64.003056;    4679;4679;   Zet Cru;106983;     ;         ;12 18 26.1;-64 00 11; 4.04;-0.17;  B2.5V             ;*
184.976667; -0.666944;    4689;4689; 15Eta Vir;107259;     ; 5555    ;12 19 54.4;-00 40 01; 3.89; 0.02;  A2IV              ;*
185.340000;-60.401111;    4700;4700;   Eps Cru;107446;     ; 5568    ;12 21 21.6;-60 24 04; 3.59; 1.42;  K3-4III           ;*
186.734583;+28.268333;    4737;4737; 15Gam Com;108381;     ;         ;12 26 56.3;+28 16 06; 4.36; 1.13;  K1IIIFe0.5        ;*
187.010000;-50.230556;    4743;4743;   Sig Cen;108483;     ;         ;12 28 02.4;-50 13 50; 3.91;-0.19;  B2V               ;*
188.116667;-72.133056;    4773;4773;   Gam Mus;109026;     ;         ;12 32 28.0;-72 07 59; 3.87;-0.15;  B5V               ;*
188.017500;-16.196111;    4775;4775;  8Eta Crv;109085;     ; 5690    ;12 32 04.2;-16 11 46; 4.31; 0.38;  F2III-IV          ;*
188.435417;+41.357500;    4785;4785;  8Bet CVn;109358;     ; 5725    ;12 33 44.5;+41 21 27; 4.26; 0.59;  G0V               ;*
188.370833;+69.788333;    4787;4787;  5Kap Dra;109387;     ;Kap Dra  ;12 33 29.0;+69 47 18; 3.87;-0.13;  B6IIIpe           ;*
189.425833;-48.541111;    4802;4802;   Tau Cen;109787;     ;         ;12 37 42.2;-48 32 28; 3.86; 0.05;  A2V               ;
190.415000; -1.449444;    4825;4825; 29Gam Vir;110379; 8630; 5859    ;12 41 39.6;-01 26 58; 3.65; 0.36;  F0V               ;*
190.415000; -1.449444;    4826;4826; 29Gam Vir;110380; 8630; 5859    ;12 41 39.6;-01 26 58; 3.68;     ;  F0V               ;*
193.278750;-48.943333;    4888;4888;          ;111915;     ;         ;12 53 06.9;-48 56 36; 4.33; 1.37;  K3-4III           ;
193.359167;-40.178889;    4889;4889;          ;111968;     ;         ;12 53 26.2;-40 10 44; 4.27; 0.21;  A7III             ;
193.648333;-57.177778;    4898;4898;   Mu 1Cru;112092;     ;         ;12 54 35.6;-57 10 40; 4.03;-0.17;  B2IV-V            ;*
195.567500;-71.548889;    4923;4923;   Del Mus;112985;     ;         ;13 02 16.2;-71 32 56; 3.62; 1.18;  K2III             ;*
196.727500;-49.906111;    4942;4942;   Xi 2Cen;113791;     ;         ;13 06 54.6;-49 54 22; 4.27;-0.19;  B1.5V             ;*
197.487500; -5.538889;    4963;4963; 51The Vir;114330; 8801;         ;13 09 57.0;-05 32 20; 4.38;-0.01;  A1IV s+Am         ;*
197.968333;+27.878056;    4983;4983; 43Bet Com;114710;     ;         ;13 11 52.4;+27 52 41; 4.26; 0.57;  F9.5V             ;*
200.985000;+54.921667;    5055;5055; 79Zet UMa;116657; 8891; 6225    ;13 23 56.4;+54 55 18; 3.95; 0.13;  A1m               ;*
201.306250;+54.988056;    5062;5062; 80    UMa;116842;     ; 6238    ;13 25 13.5;+54 59 17; 4.01; 0.16;  A5V               ;*
202.761250;-39.407500;    5089;5089;          ;117440;     ; 6283    ;13 31 02.7;-39 24 27; 3.88; 1.17;  G9Ib*             ;*
206.421667;-33.043889;    5168;5168;  1    Cen;119756;     ;Var?     ;13 45 41.2;-33 02 38; 4.23; 0.38;  F3IV              ;*
206.815417;+17.456667;    5185;5185;  4Tau Boo;120136; 9025; 6444    ;13 47 15.7;+17 27 24; 4.50; 0.48;  F6IV              ;*
207.361250;-34.450833;    5192;5192;  2    Cen;120323;     ;V806 Cen ;13 49 26.7;-34 27 03; 4.19; 1.50;  M4.5III           ;*
207.369167;+15.797778;    5200;5200;  5Ups Boo;120477;     ; 6458    ;13 49 28.6;+15 47 52; 4.07; 1.52;  K5.5III           ;*
209.567917;-42.100833;    5248;5248;   Phi Cen;121743;     ; 6509    ;13 58 16.3;-42 06 03; 3.83;-0.21;  B2IV              ;*
209.670000;-44.803611;    5249;5249;   Ups1Cen;121790;     ;         ;13 58 40.8;-44 48 13; 3.87;-0.20;  B2IV-V            ;*
210.430833;-45.603611;    5260;5260;   Ups2Cen;122223;     ;         ;14 01 43.4;-45 36 13; 4.34; 0.60;  F6II              ;*
210.411667; +1.544444;    5264;5264; 93Tau Vir;122408; 9085;         ;14 01 38.8;+01 32 40; 4.26; 0.10;  A3V               ;*
211.511667;-41.179722;    5285;5285;   Chi Cen;122980;     ;Chi Cen  ;14 06 02.8;-41 10 47; 4.36;-0.19;  B2V               ;*
211.097083;+64.375833;    5291;5291; 11Alp Dra;123299;     ; 6546    ;14 04 23.3;+64 22 33; 3.65;-0.05;  A0III             ;*
213.224167;-10.273611;    5315;5315; 98Kap Vir;124294;     ;         ;14 12 53.8;-10 16 25; 4.19; 1.33;  K2.5IIIFe-0.5     ;*
214.003750; -6.000556;    5338;5338; 99Iot Vir;124850;     ; 6604    ;14 16 00.9;-06 00 02; 4.08; 0.52;  F6III             ;*
216.728750;-83.667778;    5339;5339;   Del Oct;124882;     ; 6636    ;14 26 54.9;-83 40 04; 4.32; 1.31;  K2III             ;
214.095833;+46.088333;    5351;5351; 19Lam Boo;125162;     ; 6611    ;14 16 23.0;+46 05 18; 4.18; 0.08;  A0p               ;*
214.850833;-46.057778;    5354;5354;   Iot Lup;125238;     ; 6620    ;14 19 24.2;-46 03 28; 3.55;-0.18;  B2.5IV            ;*
215.081250;-56.386667;    5358;5358;          ;125288;     ;         ;14 20 19.5;-56 23 12; 4.33; 0.12;  B6Ib              ;*
215.139167;-37.885278;    5367;5367;   Psi Cen;125473;     ;         ;14 20 33.4;-37 53 07; 4.05;-0.03;  A0IV              ;
215.759167;-39.512222;    5378;5378;          ;125823;     ;V761 Cen ;14 23 02.2;-39 30 44; 4.42;-0.18;  B7IIIp            ;*
216.545000;-45.379444;    5396;5396;   Tau2Lup;126354;     ;         ;14 26 10.8;-45 22 46; 4.35; 0.43;  F4IV+A7:          ;*
216.299167;+51.850833;    5404;5404; 23The Boo;126660;     ; 6669    ;14 25 11.8;+51 51 03; 4.05; 0.50;  F7V               ;*
218.153750;-50.456944;    5425;5425;   Sig Lup;127381;     ;         ;14 32 36.9;-50 27 25; 4.42;-0.19;  B2III             ;*
217.957500;+30.371389;    5429;5429; 25Rho Boo;127665; 9296; 6697    ;14 31 49.8;+30 22 17; 3.58; 1.30;  K3-III            ;
216.881250;+75.696111;    5430;5430;  5    UMi;127700; 9286; 6687    ;14 27 31.5;+75 41 46; 4.25; 1.44;  K4-IIIBa0.3       ;*
218.670000;+29.745000;    5447;5447; 28Sig Boo;128167;     ; 6717    ;14 34 40.8;+29 44 42; 4.46; 0.36;  F2V               ;*
219.471667;-49.425833;    5453;5453;   Rho Lup;128345;     ; 6733    ;14 37 53.2;-49 25 33; 4.05;-0.15;  B5V               ;*
221.965000;-79.044722;    5470;5470;   Alp Aps;129078;     ;         ;14 47 51.6;-79 02 41; 3.83; 1.43;  K3IIIa            ;
220.490000;-37.793611;    5471;5471;          ;129116;     ;         ;14 41 57.6;-37 47 37; 4.00;-0.17;  B3V               ;*
220.287083;+13.728333;    5478;5478; 30Zet Boo;129247; 9343; 6766    ;14 41 08.9;+13 43 42; 4.43; 0.05;  A2III             ;*
220.914167;-35.173611;    5485;5485;          ;129456;     ;         ;14 43 39.4;-35 10 25; 4.05; 1.35;  K3IIIb            ;*
220.765000; -5.658333;    5487;5487;107Mu  Vir;129502;     ;         ;14 43 03.6;-05 39 30; 3.88; 0.38;  F2III             ;*
221.562083; +1.892778;    5511;5511;109    Vir;130109;     ; 6794    ;14 46 14.9;+01 53 34; 3.72;-0.01;  A0V               ;
222.572083;-27.960278;    5526;5526; 58    Hya;130694;     ;         ;14 50 17.3;-27 57 37; 4.41; 1.40;  K4III             ;*
222.910000;-43.575556;    5528;5528;   Omi Lup;130807;     ;         ;14 51 38.4;-43 34 32; 4.32;-0.15;  B5IV              ;*
224.295833; -4.346389;    5570;5570; 16    Lib;132052;     ;         ;14 57 11.0;-04 20 47; 4.49; 0.32;  F0V               ;
225.725000; +2.091389;    5601;5601;110    Vir;133165;     ;         ;15 02 54.0;+02 05 29; 4.40; 1.04;  K0.5IIIbFe-0.5    ;
227.210833;-45.279722;    5626;5626;   Lam Lup;133955;     ;         ;15 08 50.6;-45 16 47; 4.05;-0.18;  B3V               ;*
227.983750;-48.737778;    5646;5646;   Kap1Lup;134481;     ;         ;15 11 56.1;-48 44 16; 3.87;-0.05;  B9.5Vne           ;*
229.378333;-58.801111;    5670;5670;   Bet Cir;135379;     ;         ;15 17 30.8;-58 48 04; 4.07; 0.09;  A3V               ;
229.633333;-47.875000;    5683;5683;   Mu  Lup;135734;     ;         ;15 18 32.0;-47 52 30; 4.27;-0.08;  B8Ve              ;*
229.457917;-30.148889;    5686;5686;  2    Lup;135758;     ; 7012    ;15 17 49.9;-30 08 56; 4.34; 1.10;  G9IIIaFe1         ;*
230.451667;-36.261389;    5705;5705;   Phi1Lup;136422;     ;         ;15 21 48.4;-36 15 41; 3.56; 1.54;  K5III             ;*
231.122500;+37.377222;    5733;5733; 51Mu 1Boo;137391; 9626; 7063    ;15 24 29.4;+37 22 38; 4.31; 0.31;  F2IVa             ;*
231.957083;+29.105833;    5747;5747;  3Bet CrB;137909;     ;Bet CrB  ;15 27 49.7;+29 06 21; 3.68; 0.28;  F0p               ;*
234.180000;-66.316944;    5771;5771;   Eps TrA;138538;     ;         ;15 36 43.2;-66 19 01; 4.11; 1.17;  K1-2III           ;*
233.232500;+31.359167;    5778;5778;  4The CrB;138749;     ; 7134/5  ;15 32 55.8;+31 21 33; 4.14;-0.13;  B6Vnne            ;*
233.881667;-14.789444;    5787;5787; 38Gam Lib;138905; 9704;         ;15 35 31.6;-14 47 22; 3.91; 1.01;  G8.5III           ;*
233.700417;+10.537500;    5788;5788; 13Del Ser;138917; 9701;         ;15 34 48.1;+10 32 15; 3.80; 0.26;  F0IV              ;*
233.700417;+10.539167;    5789;5789; 13Del Ser;138918; 9701;Del Ser  ;15 34 48.1;+10 32 21; 3.80; 0.26;  F0IV              ;*
234.256250;-28.135000;    5794;5794; 39Ups Lib;139063; 9705;         ;15 37 01.5;-28 08 06; 3.58; 1.38;  K3III             ;*
234.513333;-42.567500;    5797;5797;   Ome Lup;139127;     ;         ;15 38 03.2;-42 34 03; 4.33; 1.42;  K4.5III           ;*
234.664167;-29.777778;    5812;5812; 40Tau Lib;139365;     ;         ;15 38 39.4;-29 46 40; 3.66;-0.17;  B2.5V             ;*
235.685833;+26.295556;    5849;5849;  8Gam CrB;140436; 9757;Gam CrB  ;15 42 44.6;+26 17 44; 3.84; 0.00;  B9IV+A3V          ;*
236.547083;+15.421944;    5867;5867; 28Bet Ser;141003; 9778;         ;15 46 11.3;+15 25 19; 3.67; 0.06;  A2IV              ;*
236.610833; +7.353056;    5868;5868; 27Lam Ser;141004;     ; 7246    ;15 46 26.6;+07 21 11; 4.43; 0.60;  G0-V              ;*
237.185000;+18.141667;    5879;5879; 35Kap Ser;141477;     ; 7269    ;15 48 44.4;+18 08 30; 4.09; 1.62;  M0.5IIIab         ;*
237.405000; -3.430278;    5881;5881; 32Mu  Ser;141513;     ;         ;15 49 37.2;-03 25 49; 3.53;-0.04;  A0V               ;
237.739583;-33.627222;    5883;5883;  5Chi Lup;141556;     ;         ;15 50 57.5;-33 37 38; 3.95;-0.04;  B9IV              ;*
237.704167; +4.477778;    5892;5892; 37Eps Ser;141795;     ;         ;15 50 49.0;+04 28 40; 3.71; 0.15;  A2Vm              ;*
236.014583;+77.794444;    5903;5903; 16Zet UMi;142105;     ; 7263    ;15 44 03.5;+77 47 40; 4.32; 0.04;  A3Vn              ;*
238.456250;-16.729444;    5908;5908; 46The Lib;142198;     ;         ;15 53 49.5;-16 43 46; 4.15; 1.02;  G8.5IIIb          ;
239.221250;-29.214167;    5928;5928;  5Rho Sco;142669; 9846;         ;15 56 53.1;-29 12 51; 3.88;-0.20;  B2IV-V            ;*
239.113333;+15.661667;    5933;5933; 41Gam Ser;142860;     ; 7350    ;15 56 27.2;+15 39 42; 3.85; 0.48;  F6V               ;*
239.397083;+26.877778;    5947;5947; 13Eps CrB;143107; 9859;         ;15 57 35.3;+26 52 40; 4.15; 1.23;  K2IIIab           ;*
240.472083;+58.565278;    5986;5986; 13The Dra;144284;     ;         ;16 01 53.3;+58 33 55; 4.01; 0.52;  F8IV              ;*
241.647917;-36.802222;    5987;5987;   The Lup;144294;     ;         ;16 06 35.5;-36 48 08; 4.23;-0.17;  B2.5Vn            ;*
241.701667;-20.669167;    5993;5993;  9Ome1Sco;144470;     ;         ;16 06 48.4;-20 40 09; 3.96;-0.04;  B1V               ;*
241.851250;-20.868611;    5997;5997; 10Ome2Sco;144608;     ; 7454    ;16 07 24.3;-20 52 07; 4.32; 0.84;  G3II-III          ;*
242.192500;+44.935000;    6023;6023; 11Phi Her;145389;     ; 7490    ;16 08 46.2;+44 56 06; 4.26;-0.07;  B9p:Mn:           ;*
242.998750;-19.460556;    6027;6027; 14Nu  Sco;145502; 9951;         ;16 11 59.7;-19 27 38; 4.01; 0.04;  B3V               ;*
243.859583;-63.685556;    6030;6030;   Del TrA;145544;     ;         ;16 15 26.3;-63 41 08; 3.85; 1.11;  G2Ib-IIa          ;
244.960000;-50.155556;    6072;6072;   Gam2Nor;146686;     ;         ;16 19 50.4;-50 09 20; 4.02; 1.08;  G8III             ;*
244.935000;+46.313333;    6092;6092; 22Tau Her;147394;10010; 7641    ;16 19 44.4;+46 18 48; 3.89;-0.15;  B5IV              ;*
245.480000;+19.153056;    6095;6095; 20Gam Her;147547;10022; 7667    ;16 21 55.2;+19 09 11; 3.75; 0.27;  A9III             ;*
248.362500;-78.897222;    6102;6102;   Gam Aps;147675;     ;         ;16 33 27.0;-78 53 50; 3.89; 0.91;  G8-K0III          ;
246.025833;-20.037500;    6104;6104;  4Psi Oph;147700;     ;         ;16 24 06.2;-20 02 15; 4.50; 1.01;  K0II-III          ;
246.796250;-47.555000;    6115;6115;   Eps Nor;147971;     ;         ;16 27 11.1;-47 33 18; 4.47;-0.07;  B4V               ;*
246.755833;-18.456389;    6118;6118;  7Chi Oph;148184;     ;Chi Oph  ;16 27 01.4;-18 27 23; 4.42; 0.28;  B2IV:pe           ;*
247.845417;-34.704444;    6143;6143;          ;148703;     ;         ;16 31 22.9;-34 42 16; 4.23;-0.16;  B2III-IV          ;*
247.784583;-16.612778;    6147;6147;  8Phi Oph;148786;10086;         ;16 31 08.3;-16 36 46; 4.28; 0.92;  G8+IIIa           ;*
247.728333; +1.983889;    6149;6149; 10Lam Oph;148857;10087; 7784    ;16 30 54.8;+01 59 02; 3.82; 0.01;  A0V+A4V           ;*
248.034167;-21.466389;    6153;6153;  9Ome Oph;148898;     ;Ome Oph  ;16 32 08.2;-21 27 59; 4.45; 0.13;  A7p               ;*
250.769167;-77.517500;    6163;6163;   Bet Aps;149324;     ;         ;16 43 04.6;-77 31 03; 4.24; 1.06;  K0III             ;*
249.093750;-35.255556;    6166;6166;          ;149447;     ; 7844    ;16 36 22.5;-35 15 20; 4.16; 1.57;  K6III             ;
248.525833;+42.436944;    6168;6168; 35Sig Her;149630;     ; 7837    ;16 34 06.2;+42 26 13; 4.20;-0.01;  B9V               ;*
250.724167;+38.922222;    6220;6220; 44Eta Her;150997;     ; 7934    ;16 42 53.8;+38 55 20; 3.53; 0.92;  G7.5IIIbFe-1      ;*
252.446250;-59.041389;    6229;6229;   Eta Ara;151249;     ;         ;16 49 47.1;-59 02 29; 3.76; 1.57;  K5III             ;
253.083750;-38.017500;    6252;6252;   Mu 2Sco;151985;     ;         ;16 52 20.1;-38 01 03; 3.57;-0.21;  B2IV              ;*
253.645833;-42.361389;    6271;6271;   Zet2Sco;152334;     ; 8028    ;16 54 35.0;-42 21 41; 3.62; 1.37;  K4III             ;*
253.502083;+10.165278;    6281;6281; 25Iot Oph;152614;     ; 8034    ;16 54 00.5;+10 09 55; 4.38;-0.08;  B8V               ;
254.896250;-53.160556;    6295;6295;   Eps1Ara;152980;     ;         ;16 59 35.1;-53 09 38; 4.06; 1.45;  K4IIIab           ;
251.492083;+82.037222;    6322;6322; 22Eps UMi;153751;10242;Eps UMi  ;16 45 58.1;+82 02 14; 4.23; 0.89;  G5III             ;*
255.072500;+30.926389;    6324;6324; 58Eps Her;153808;     ;         ;17 00 17.4;+30 55 35; 3.92;-0.01;  A0V               ;*
260.250833;-21.112778;    6445;6445; 40Xi  Oph;156897;     ;         ;17 21 00.2;-21 06 46; 4.39; 0.39;  F1III-IV          ;
260.207083;-12.846944;    6446;6446; 53Nu  Ser;156928;10481;         ;17 20 49.7;-12 50 49; 4.33; 0.03;  A2V               ;*
261.592500;-24.175278;    6486;6486; 44    Oph;157792;     ; 8640    ;17 26 22.2;-24 10 31; 4.17; 0.28;  A3m               ;*
261.838750;-29.866944;    6492;6492; 45    Oph;157919;     ;         ;17 27 21.3;-29 52 01; 4.29; 0.40;  F5IVDel Sct*      ;*
261.628750; +4.140278;    6498;6498; 49Sig Oph;157999;     ; 8664    ;17 26 30.9;+04 08 25; 4.34; 1.50;  K2II              ;
262.774583;-60.683889;    6500;6500;   Del Ara;158094;     ;         ;17 31 05.9;-60 41 02; 3.62;-0.10;  B8Vn              ;*
262.684583;+26.110556;    6526;6526; 76Lam Her;158899;     ; 9070    ;17 30 44.3;+26 06 38; 4.41; 1.44;  K3.5III           ;*
264.136667;-38.635278;    6546;6546;          ;159433;     ; 9205    ;17 36 32.8;-38 38 07; 4.29; 1.09;  K0IIIb            ;
264.396667;-15.398611;    6561;6561; 55Xi  Ser;159876;     ; 9270    ;17 37 35.2;-15 23 55; 3.54; 0.26;  F0IVDel Sct       ;*
265.353750;-12.875278;    6581;6581; 56Omi Ser;160613;     ;Omi Ser  ;17 41 24.9;-12 52 31; 4.26; 0.08;  A2V               ;*
266.433333;-64.723889;    6582;6582;   Eta Pav;160635;     ;         ;17 45 44.0;-64 43 26; 3.62; 1.19;  K2II              ;
264.866250;+46.006389;    6588;6588; 85Iot Her;160762;     ;Iot Her  ;17 39 27.9;+46 00 23; 3.80;-0.18;  B3IV              ;*
266.973333; +2.707222;    6629;6629; 62Gam Oph;161868;     ;         ;17 47 53.6;+02 42 26; 3.75; 0.04;  A0Vnp             ;*
268.382083;+56.872778;    6688;6688; 32Xi  Dra;163588;     ;         ;17 53 31.7;+56 52 22; 3.75; 1.18;  K2-III            ;*
269.063333;+37.250556;    6695;6695; 91The Her;163770;     ; 9890    ;17 56 15.2;+37 15 02; 3.86; 1.35;  K1IIaCN+2         ;*
269.441250;+29.247778;    6703;6703; 92Xi  Her;163993;     ; 9927    ;17 57 45.9;+29 14 52; 3.70; 0.94;  G8+III            ;
269.625833;+30.189444;    6707;6707; 94Nu  Her;164136;     ;Nu  Her  ;17 58 30.2;+30 11 22; 4.41; 0.39;  F2II              ;*
270.161250; +2.931667;    6714;6714; 67    Oph;164353;10966;         ;18 00 38.7;+02 55 54; 3.97; 0.02;  B5Ib              ;*
270.438333; +1.305278;    6723;6723; 68    Oph;164577;10990;10009    ;18 01 45.2;+01 18 19; 4.45; 0.02;  A2Vn              ;*
271.657917;-50.091667;    6743;6743;   The Ara;165024;     ;         ;18 06 37.9;-50 05 30; 3.66;-0.08;  B2Ib              ;*
272.145000;-63.668333;    6745;6745;   Pi  Pav;165040;     ;10204    ;18 08 34.8;-63 40 06; 4.35; 0.22;  A7pSr             ;*
271.363750; +2.499444;    6752;6752; 70    Oph;165341;11046;         ;18 05 27.3;+02 29 58; 4.03; 0.86;  K0V               ;*
271.837500; +9.563889;    6771;6771; 72    Oph;165777;11076;         ;18 07 21.0;+09 33 50; 3.73; 0.12;  A4IV s            ;*
271.885833;+28.762500;    6779;6779;103Omi Her;166014;     ;Omi Her  ;18 07 32.6;+28 45 45; 3.83;-0.03;  B9.5V             ;*
272.189583;+20.814444;    6787;6787;102    Her;166182;11102;         ;18 08 45.5;+20 48 52; 4.36;-0.16;  B2IV              ;*
263.053750;+86.586389;    6789;6789; 23Del UMi;166205;     ;         ;17 32 12.9;+86 35 11; 4.36; 0.02;  A1Vn              ;*
273.440833;-21.058889;    6812;6812; 13Mu  Sgr;166937;11169;Mu  Sgr  ;18 13 45.8;-21 03 32; 3.86; 0.23;  B8Iap             ;*
275.806667;-61.493889;    6855;6855;   Xi  Pav;168339;     ;10673    ;18 23 13.6;-61 29 38; 4.36; 1.48;  K4III             ;*
274.965417;+36.064444;    6872;6872;  1Kap Lyr;168775;     ;10657    ;18 19 51.7;+36 03 52; 4.33; 1.17;  K2IIIabCN0.5      ;*
275.924583;+21.769722;    6895;6895;109    Her;169414;     ;10742    ;18 23 41.9;+21 46 11; 3.84; 1.18;  K2.5IIIab         ;
276.743333;-45.968333;    6897;6897;   Alp Tel;169467;     ;         ;18 26 58.4;-45 58 06; 3.51;-0.17;  B3IV              ;*
277.207917;-49.070833;    6905;6905;   Zet Tel;169767;     ;         ;18 28 49.9;-49 04 15; 4.13; 1.02;  G8-K0III          ;*
275.189583;+71.337778;    6920;6920; 43Phi Dra;170000;11311;Phi Dra  ;18 20 45.5;+71 20 16; 4.22;-0.10;  A0pSi:            ;*
275.264167;+72.732778;    6927;6927; 44Chi Dra;170153;     ;10749    ;18 21 03.4;+72 43 58; 3.57; 0.49;  F7V               ;*
278.801667; -8.244167;    6973;6973;   Alp Sct;171443;     ;11056    ;18 35 12.4;-08 14 39; 3.85; 1.33;  K3-III-IIIb       ;*
280.758750;-71.428056;    6982;6982;   Zet Pav;171759;     ;         ;18 43 02.1;-71 25 41; 4.01; 1.14;  K0III             ;*
281.193333;+37.605000;    7056;7056;  6Zet1Lyr;173648;11639;11308    ;18 44 46.4;+37 36 18; 4.36; 0.19;  A4m               ;*
281.415417;+20.546389;    7061;7061;110    Her;173667;11658;11323    ;18 45 39.7;+20 32 47; 4.19; 0.46;  F6V               ;*
281.793750; -4.747778;    7063;7063;   Bet Sct;173764;     ;         ;18 47 10.5;-04 44 52; 4.22; 1.10;  G4IIa             ;*
281.755417;+18.181389;    7069;7069;111    Her;173880;     ;         ;18 47 01.3;+18 10 53; 4.36; 0.13;  A5III             ;*
283.054167;-62.187500;    7074;7074;   Lam Pav;173948;     ;Lam Pav  ;18 52 13.0;-62 11 15; 4.22;-0.14;  B2II-IIIe         ;*
284.237500;-67.233611;    7107;7107;   Kap Pav;174694;     ;Kap Pav  ;18 56 57.0;-67 14 01; 4.44; 0.71;  F5I-II            ;*
283.625833;+36.898889;    7139;7139; 12Del2Lyr;175588;11825;Del2 Lyr ;18 54 30.2;+36 53 56; 4.30; 1.68;  M4II              ;*
284.432500;-21.106667;    7150;7150; 37Xi 2Sgr;175775;     ;         ;18 57 43.8;-21 06 24; 3.51; 1.18;  K1III             ;*
283.833750;+43.946111;    7157;7157; 13    Lyr;175865;     ;R Lyr    ;18 55 20.1;+43 56 46; 4.04; 1.59;  M5III             ;*
284.905833;+15.068333;    7176;7176; 13Eps Aql;176411;     ;         ;18 59 37.4;+15 04 06; 4.02; 1.08;  K1-IIICN0.5Ba0.2  ;*
285.420000; -5.738889;    7193;7193; 12    Aql;176678;     ;11655    ;19 01 40.8;-05 44 20; 4.02; 1.09;  K1III             ;
286.170833;-21.741667;    7217;7217; 39Omi Sgr;177241;11996;11703    ;19 04 41.0;-21 44 30; 3.77; 1.01;  G9IIIb            ;
287.367917;-37.904444;    7254;7254;   Alp CrA;178253;     ;         ;19 09 28.3;-37 54 16; 4.11; 0.04;  A2V               ;*
287.507083;-39.340833;    7259;7259;   Bet CrA;178345;     ;         ;19 10 01.7;-39 20 27; 4.11; 1.20;  K0II              ;
288.439583;+39.146111;    7298;7298; 20Eta Lyr;180163;12197;11839    ;19 13 45.5;+39 08 46; 4.39;-0.15;  B2.5IV            ;*
289.092083;+38.133611;    7314;7314; 21The Lyr;180809;     ;11873    ;19 16 22.1;+38 08 01; 4.36; 1.26;  K0+II             ;
289.275833;+53.368611;    7328;7328;  1Kap Cyg;181276;     ;11886    ;19 17 06.2;+53 22 07; 3.77; 0.96;  G9III             ;*
290.659583;-44.458889;    7337;7337;   Bet1Sgr;181454;     ;         ;19 22 38.3;-44 27 32; 4.01;-0.10;  B9V               ;*
290.418333;-17.847222;    7340;7340; 44Rho1Sgr;181577;     ;Rho1 Sgr ;19 21 40.4;-17 50 50; 3.93; 0.22;  F0IV-V            ;*
290.805000;-44.799722;    7343;7343;   Bet2Sgr;181623;     ;         ;19 23 13.2;-44 47 59; 4.29; 0.34;  F2III             ;*
290.971667;-40.616111;    7348;7348;   Alp Sgr;181869;     ;         ;19 23 53.2;-40 36 58; 3.97;-0.10;  B8V               ;*
288.887500;+73.355556;    7352;7352; 60Tau Dra;181984;     ;11898    ;19 15 33.0;+73 21 20; 4.45; 1.25;  K2+IIIbCN1Fe1     ;
292.176250;+24.665000;    7405;7405;  6Alp Vul;183439;     ;12069    ;19 28 42.3;+24 39 54; 4.44; 1.50;  M0III             ;*
292.426250;+51.729722;    7420;7420; 10Iot2Cyg;184006;     ;         ;19 29 42.3;+51 43 47; 3.79; 0.14;  A5Vn              ;
293.522500; +7.378889;    7429;7429; 38Mu  Aql;184406;12607;12155    ;19 34 05.4;+07 22 44; 4.45; 1.17;  K3-IIIbCN0.5      ;*
294.180417; -1.286389;    7447;7447; 41Iot Aql;184930;12663;12201    ;19 36 43.3;-01 17 11; 4.36;-0.08;  B5III             ;*
294.110417;+50.221111;    7469;7469; 13The Cyg;185395;12695;         ;19 36 26.5;+50 13 16; 4.48; 0.38;  F4V               ;*
295.024167;+18.013889;    7479;7479;  5Alp Sge;185758;12766;         ;19 40 05.8;+18 00 50; 4.37; 0.78;  G1II              ;*
295.262083;+17.476111;    7488;7488;  6Bet Sge;185958;     ;         ;19 41 02.9;+17 28 34; 4.37; 1.05;  G8IIIaCN0.5       ;*
296.847083;+18.534167;    7536;7536;  7Del Sge;187076;     ;Del Sge  ;19 47 23.3;+18 32 03; 3.82; 1.41;  M2II+A0V          ;*
297.641250;+32.914167;    7564;7564;   Chi Cyg;187796;     ;Chi Cyg  ;19 50 33.9;+32 54 51; 4.23; 1.82;  S6+/1e            ;*
298.118333; +1.005556;    7570;7570; 55Eta Aql;187929;     ;Eta Aql  ;19 52 28.4;+01 00 20; 3.90; 0.89;  F6Ib              ;*
298.815417;-41.868333;    7581;7581;   Iot Sgr;188114;     ;         ;19 55 15.7;-41 52 06; 4.13; 1.08;  K0II-III          ;
297.043333;+70.267778;    7582;7582; 63Eps Dra;188119;13007;12465    ;19 48 10.4;+70 16 04; 3.83; 0.89;  G7IIIbCN-2        ;*
300.147917;-72.910556;    7590;7590;   Eps Pav;188228;     ;12598    ;20 00 35.5;-72 54 38; 3.96;-0.03;  A0V               ;
298.828333; +6.406667;    7602;7602; 60Bet Aql;188512;13110;12557    ;19 55 18.8;+06 24 24; 3.71; 0.86;  G8IV              ;*
299.076667;+35.083333;    7615;7615; 21Eta Cyg;188947;13149;12586    ;19 56 18.4;+35 05 00; 3.89; 1.02;  K0III             ;*
299.934167;-35.276389;    7623;7623;   The1Sgr;189103;     ;         ;19 59 44.2;-35 16 35; 4.37;-0.15;  B3IV              ;*
302.181667;-66.181944;    7665;7665;   Del Pav;190248;     ;12790    ;20 08 43.6;-66 10 55; 3.56; 0.76;  G6-8IV            ;*
303.407917;+46.741389;    7735;7735; 31    Cyg;192577;13554;V695 Cyg ;20 13 37.9;+46 44 29; 3.79; 1.28;  K2II+B3V          ;*
303.349583;+56.567778;    7740;7740; 33    Cyg;192696;     ;12935    ;20 13 23.9;+56 34 04; 4.30; 0.11;  A3IV-Vn           ;*
304.412083;-12.508333;    7747;7747;  5Alp1Cap;192876;13632;         ;20 17 38.9;-12 30 30; 4.24; 1.07;  G3Ib              ;*
302.222083;+77.711389;    7750;7750;  1Kap Cep;192907;13524;         ;20 08 53.3;+77 42 41; 4.39;-0.05;  B9III             ;*
303.867917;+47.714444;    7751;7751; 32    Cyg;192909;     ;V1488 Cyg;20 15 28.3;+47 42 52; 3.98; 1.52;  K3Ib+B3V          ;*
304.513750;-12.544722;    7754;7754;  6Alp2Cap;192947;13645;         ;20 18 03.3;-12 32 41; 3.57; 0.94;  G8IIIb            ;*
305.965417;+32.190000;    7806;7806; 39    Cyg;194317;     ;         ;20 23 51.7;+32 11 24; 4.43; 1.33;  K2.5IIIFe-0.5     ;*
307.348750;+30.368611;    7834;7834; 41    Cyg;195295;     ;13111    ;20 29 23.7;+30 22 07; 4.01; 0.40;  F5II              ;
307.395417;+62.994167;    7850;7850;  2The Cep;195725;     ;         ;20 29 34.9;+62 59 39; 4.22; 0.20;  A7III             ;*
308.303333;+11.303333;    7852;7852;  2Eps Del;195810;     ;13137    ;20 33 12.8;+11 18 12; 4.03;-0.13;  B6III             ;*
309.387500;+14.595278;    7882;7882;  6Bet Del;196524;14073;         ;20 37 33.0;+14 35 43; 3.63; 0.44;  F5IV              ;*
309.584583; -1.105278;    7884;7884; 71    Aql;196574;14081;13187    ;20 38 20.3;-01 06 19; 4.32; 0.95;  G7.5IIIa          ;*
309.909583;+15.911944;    7906;7906;  9Alp Del;196867;14121;13207    ;20 39 38.3;+15 54 43; 3.77;-0.06;  B9IV              ;*
310.864583;+15.074444;    7928;7928; 11Del Del;197461;     ;Del Del  ;20 43 27.5;+15 04 28; 4.43; 0.32;  A7IIIpDel Del     ;*
311.523750;-25.270833;    7936;7936; 16Psi Cap;197692;     ;         ;20 46 05.7;-25 16 15; 4.14; 0.43;  F4V               ;
311.415417;+30.719722;    7942;7942; 52    Cyg;197912;14259;         ;20 45 39.7;+30 43 11; 4.22; 1.05;  G9.5III           ;*
311.664583;+16.124167;    7948;7948; 12Gam2Del;197964;14279;         ;20 46 39.5;+16 07 27; 4.27; 1.04;  K1IV              ;*
311.919167; -9.495833;    7950;7950;  2Eps Aqr;198001;     ;         ;20 47 40.6;-09 29 45; 3.77; 0.00;  A1V               ;*
311.934167; -5.027778;    7951;7951;  3    Aqr;198026;     ;EN Aqr   ;20 47 44.2;-05 01 40; 4.42; 1.65;  M3III             ;*
312.955417;-26.919167;    7980;7980; 18Ome Cap;198542;     ;13351    ;20 51 49.3;-26 55 09; 4.11; 1.64;  M0-III-IIIbBa0.2  ;*
313.702500;-58.454167;    7986;7986;   Bet Ind;198700;     ;         ;20 54 48.6;-58 27 15; 3.65; 1.25;  K1II              ;
314.293333;+41.167222;    8028;8028; 58Nu  Cyg;199629;     ;         ;20 57 10.4;+41 10 02; 3.94; 0.02;  A1Vn              ;
316.486667;-17.232778;    8075;8075; 23The Cap;200761;     ;         ;21 05 56.8;-17 13 58; 4.07;-0.01;  A1V               ;*
316.232917;+43.927778;    8079;8079; 62Xi  Cyg;200905;     ;13518    ;21 04 55.9;+43 55 40; 3.72; 1.65;  K4.5Ib-II         ;*
316.782083;-25.005833;    8080;8080; 24    Cap;200914;14632;         ;21 07 07.7;-25 00 21; 4.50; 1.61;  M0.5III           ;
318.620417;+10.006944;    8123;8123;  7Del Equ;202275;14773;         ;21 14 28.9;+10 00 25; 4.49; 0.50;  F5V+G0V           ;*
318.697917;+38.045556;    8130;8130; 65Tau Cyg;202444;14787;Tau Cyg  ;21 14 47.5;+38 02 44; 3.72; 0.39;  F2IV              ;*
318.955833; +5.247778;    8131;8131;  8Alp Equ;202447;     ;         ;21 15 49.4;+05 14 52; 3.92; 0.53;  G0III+A5V         ;*
319.966667;-53.449722;    8140;8140;   The Ind;202730;     ;         ;21 19 52.0;-53 26 59; 4.39; 0.19;  A5V               ;*
319.354167;+39.394722;    8143;8143; 67Sig Cyg;202850;     ;13640    ;21 17 25.0;+39 23 41; 4.23; 0.12;  B9Iab             ;*
319.479583;+34.896944;    8146;8146; 66Ups Cyg;202904;14831;Ups Cyg  ;21 17 55.1;+34 53 49; 4.43;-0.11;  B2Vne             ;*
320.561667;-16.834444;    8167;8167; 32Iot Cap;203387;     ;         ;21 22 14.8;-16 50 04; 4.28; 0.90;  G7IIIFe-1.5       ;
320.521667;+19.804444;    8173;8173;  1    Peg;203504;14909;         ;21 22 05.2;+19 48 16; 4.08; 1.11;  K1III             ;*
321.610833;-65.366111;    8181;8181;   Gam Pav;203608;     ;13689    ;21 26 26.6;-65 21 58; 4.22; 0.49;  F6V               ;
321.666667;-22.411389;    8204;8204; 34Zet Cap;204075;14971;         ;21 26 40.0;-22 24 41; 3.74; 1.00;  G4Ib              ;*
323.495417;+45.591944;    8252;8252; 73Rho Cyg;205435;     ;13787    ;21 33 58.9;+45 35 31; 4.02; 0.89;  G8IIIFe-0.5       ;*
325.368750;-77.390000;    8254;8254;   Nu  Oct;205478;     ;         ;21 41 28.5;-77 23 24; 3.76; 1.00;  K0III             ;*
325.022917;-16.662222;    8278;8278; 40Gam Cap;206088;     ;         ;21 40 05.5;-16 39 44; 3.68; 0.32;  F0p               ;*
326.236667;-33.025833;    8305;8305;  9Iot PsA;206742;     ;         ;21 44 56.8;-33 01 33; 4.34;-0.05;  A0V               ;*
326.127917;+17.350000;    8313;8313;  9    Peg;206859;     ;13864    ;21 44 30.7;+17 21 00; 4.34; 1.17;  G5Ib              ;
326.161250;+25.645000;    8315;8315; 10Kap Peg;206901;15281;         ;21 44 38.7;+25 38 42; 4.13; 0.43;  F5IV              ;*
325.876667;+58.780000;    8316;8316;   Mu  Cep;206936;15271;Mu  Cep  ;21 43 30.4;+58 46 48; 4.08; 2.35;  M2-Ia             ;*
326.362083;+61.120833;    8334;8334; 10Nu  Cep;207260;     ;Nu Cep   ;21 45 26.9;+61 07 15; 4.29; 0.52;  A2Ia              ;*
326.698333;+49.309444;    8335;8335; 81Pi 2Cyg;207330;     ;         ;21 46 47.6;+49 18 34; 4.23;-0.12;  B3III             ;*
329.479583;-54.992500;    8368;8368;   Del Ind;208450;     ;         ;21 57 55.1;-54 59 33; 4.40; 0.28;  F0IV              ;*
331.528750;-39.543333;    8411;8411;   Lam Gru;209688;     ;         ;22 06 06.9;-39 32 36; 4.46; 1.37;  K3III             ;
330.947500;+64.627778;    8417;8417; 17Xi  Cep;209790;15600;         ;22 03 47.4;+64 37 40; 4.29; 0.34;  A3/6Vm            ;*
331.609167;-13.869722;    8418;8418; 33Iot Aqr;209819;     ;         ;22 06 26.2;-13 52 11; 4.27;-0.07;  B9IV-V            ;
331.752917;+25.345000;    8430;8430; 24Iot Peg;210027;     ;14034    ;22 07 00.7;+25 20 42; 3.76; 0.44;  F5V               ;*
332.095833;-32.988611;    8431;8431; 14Mu  PsA;210049;     ;         ;22 08 23.0;-32 59 19; 4.50; 0.05;  A2V               ;
332.550000; +6.197778;    8450;8450; 26The Peg;210418;     ;14057    ;22 10 12.0;+06 11 52; 3.53; 0.08;  A2Vp              ;*
332.496667;+33.178333;    8454;8454; 29Pi 2Peg;210459;     ;         ;22 09 59.2;+33 10 42; 4.29; 0.46;  F5III             ;*
333.469583;+39.715000;    8485;8485;          ;211073;15758;14076    ;22 13 52.7;+39 42 54; 4.49; 1.39;  K3III             ;*
333.758333;+57.043611;    8494;8494; 23Eps Cep;211336;     ;Eps Cep  ;22 15 02.0;+57 02 37; 4.19; 0.28;  F0IV              ;*
333.992500;+37.748889;    8498;8498;  1    Lac;211388;     ;         ;22 15 58.2;+37 44 56; 4.13; 1.46;  K3-II-III         ;
334.208333; -7.783333;    8499;8499; 43The Aqr;211391;     ;         ;22 16 50.0;-07 47 00; 4.16; 0.98;  G8III-IV          ;*
335.414167; -1.387222;    8518;8518; 48Gam Aqr;212061;15864;14132    ;22 21 39.4;-01 23 14; 3.84;-0.05;  A0V               ;*
335.890000;+52.229167;    8538;8538;  3Bet Lac;212496;     ;         ;22 23 33.6;+52 13 45; 4.43; 1.02;  G8.5IIIbCa1       ;
336.833333;-64.966389;    8540;8540;   Del Tuc;212581;     ;14158    ;22 27 20.0;-64 57 59; 4.48;-0.03;  B9.5V             ;*
337.317500;-43.495556;    8556;8556;   Del1Gru;213009;     ;14169    ;22 29 16.2;-43 29 44; 3.97; 1.03;  G6-8III           ;
337.208750; -0.020000;    8559;8559; 55Zet2Aqr;213052;15971;         ;22 28 50.1;-00 01 12; 4.42; 0.38;  F3V               ;*
337.439583;-43.749444;    8560;8560;   Del2Gru;213080;     ;Del2 Gru ;22 29 45.5;-43 44 58; 4.11; 1.57;  M4.5IIIa          ;*
337.292917;+58.415278;    8571;8571; 27Del Cep;213306;15987;Del Cep  ;22 29 10.3;+58 24 55; 3.75; 0.60;  F5Ib-G2Ib         ;*
337.382500;+47.706944;    8572;8572;  5    Lac;213310;     ;14177    ;22 29 31.8;+47 42 25; 4.36; 1.68;  M0II+B8V          ;*
337.876250;-32.346111;    8576;8576; 17Bet PsA;213398;     ;         ;22 31 30.3;-32 20 46; 4.29; 0.01;  A0V               ;*
337.822917;+50.282500;    8585;8585;  7Alp Lac;213558;16021;         ;22 31 17.5;+50 16 57; 3.77; 0.01;  A1V               ;*
338.839167; -0.117500;    8597;8597; 62Eta Aqr;213998;     ;         ;22 35 21.4;-00 07 03; 4.02;-0.09;  B9IV-Vn           ;
340.164167;-27.043611;    8628;8628; 18Eps PsA;214748;     ;14270    ;22 40 39.4;-27 02 37; 4.17;-0.11;  B8V               ;
341.513750;-81.381667;    8630;8630;   Bet Oct;214846;     ;         ;22 46 03.3;-81 22 54; 4.15; 0.20;  A9IV-V            ;
340.128750;+44.276389;    8632;8632; 11    Lac;214868;     ;         ;22 40 30.9;+44 16 35; 4.46; 1.33;  K2+III-IIIb       ;*
341.673333;+12.172778;    8665;8665; 46Xi  Peg;215648;16261;         ;22 46 41.6;+12 10 22; 4.19; 0.50;  F6III-IV          ;*
341.632917;+23.565556;    8667;8667; 47Lam Peg;215665;     ;         ;22 46 31.9;+23 33 56; 3.95; 1.07;  G8IIIa*           ;*
342.397917;-13.592500;    8679;8679; 71Tau2Aqr;216032;     ;14329    ;22 49 35.5;-13 35 33; 4.01; 1.57;  M0III             ;*
342.420000;+66.200556;    8694;8694; 32Iot Cep;216228;     ;         ;22 49 40.8;+66 12 02; 3.52; 1.05;  K0-III            ;*
343.131667;-32.875556;    8695;8695; 22Gam PsA;216336;     ;14338    ;22 52 31.6;-32 52 32; 4.46;-0.04;  A0III*            ;*
343.153750; -7.579722;    8698;8698; 73Lam Aqr;216386;     ;Lam Aqr  ;22 52 36.9;-07 34 47; 3.74; 1.64;  M2.5IIIaFe-1      ;*
343.987083;-32.539722;    8720;8720; 23Del PsA;216763;     ;         ;22 55 56.9;-32 32 23; 4.21; 0.97;  G8III             ;*
345.220000;-52.754167;    8747;8747;   Zet Gru;217364;     ;         ;23 00 52.8;-52 45 15; 4.12; 0.98;  G8-K0III          ;
345.480417;+42.326111;    8762;8762;  1Omi And;217675;     ;Omi And  ;23 01 55.3;+42 19 34; 3.62;-0.09;  B6IIIpe+A2p       ;*
346.720000;-43.520556;    8787;8787;   The Gru;218227;     ;         ;23 06 52.8;-43 31 14; 4.28; 0.42;  F5mDel Del        ;*
346.670417;-23.743056;    8789;8789; 86    Aqr;218240;16511;         ;23 06 40.9;-23 44 35; 4.47; 0.90;  G9III             ;*
347.361667;-21.172500;    8812;8812; 88    Aqr;218594;     ;         ;23 09 26.8;-21 10 21; 3.66; 1.22;  K1III             ;
346.974583;+75.387500;    8819;8819; 33Pi  Cep;218658;16538;         ;23 07 53.9;+75 23 15; 4.41; 0.80;  G2III             ;*
347.590000;-45.246667;    8820;8820;   Iot Gru;218670;     ;         ;23 10 21.6;-45 14 48; 3.90; 1.02;  K1III             ;*
348.580833; -6.048889;    8834;8834; 90Phi Aqr;219215;     ;         ;23 14 19.4;-06 02 56; 4.22; 1.56;  M1.5III           ;*
348.972917; -9.087778;    8841;8841; 91Psi1Aqr;219449;16633;         ;23 15 53.5;-09 05 16; 4.21; 1.11;  K0III             ;*
349.357500;-58.235833;    8848;8848;   Gam Tuc;219571;     ;         ;23 17 25.8;-58 14 09; 3.99; 0.40;  F1III             ;
349.291250; +3.282222;    8852;8852;  6Gam Psc;219615;     ;         ;23 17 09.9;+03 16 56; 3.69; 0.92;  G9-III:Fe-2       ;*
349.475833; -9.182500;    8858;8858; 93Psi2Aqr;219688;     ;         ;23 17 54.2;-09 10 57; 4.39;-0.15;  B5V               ;*
349.705833;-32.531944;    8863;8863;   Gam Scl;219784;     ;         ;23 18 49.4;-32 31 55; 4.41; 1.13;  K1III             ;
350.742500;-20.100556;    8892;8892; 98    Aqr;220321;     ;         ;23 22 58.2;-20 06 02; 3.97; 1.10;  K0III             ;
351.345000;+23.404167;    8905;8905; 68Ups Peg;220657;     ;         ;23 25 22.8;+23 24 15; 4.40; 0.61;  F8III             ;*
351.511667;-20.641944;    8906;8906; 99    Aqr;220704;     ;14554    ;23 26 02.8;-20 38 31; 4.39; 1.47;  K5III             ;*
351.992083; +6.378889;    8916;8916; 10The Psc;220954;     ;         ;23 27 58.1;+06 22 44; 4.28; 1.07;  K1III             ;
353.242917;-37.818333;    8937;8937;   Bet Scl;221507;     ;14608    ;23 32 58.3;-37 49 06; 4.37;-0.09;  B9.5IVpHgMnEu     ;*
354.391250;+46.458056;    8961;8961; 16Lam And;222107;     ;Lam And  ;23 37 33.9;+46 27 29; 3.82; 1.01;  G8III-IV          ;*
354.534167;+43.268056;    8965;8965; 17Iot And;222173;     ;14646    ;23 38 08.2;+43 16 05; 4.29;-0.10;  B8V               ;
354.987500; +5.626389;    8969;8969; 17Iot Psc;222368;     ;14657    ;23 39 57.0;+05 37 35; 4.13; 0.51;  F7V               ;*
355.102083;+44.333889;    8976;8976; 19Kap And;222439;16916;         ;23 40 24.5;+44 20 02; 4.14;-0.08;  B9IVn             ;*
355.511667; +1.780000;    8984;8984; 18Lam Psc;222603;     ;         ;23 42 02.8;+01 46 48; 4.50; 0.20;  A7V               ;*
355.680417;-14.545000;    8988;8988;105Ome2Aqr;222661;16944;         ;23 42 43.3;-14 32 42; 4.49;-0.04;  B9.5V             ;*
359.827917; +6.863333;    9072;9072; 28Ome Psc;224617;     ;14793    ;23 59 18.7;+06 51 48; 4.01; 0.42;  F4IV              ;*
359.979167;-65.577222;    9076;9076;   Eps Tuc;224686;     ;         ;23 59 55.0;-65 34 38; 4.50;-0.08;  B9IV              ;*
000.490000; -6.014167;    9089;9089; 30    Psc;224935;     ;YY Psc   ;00 01 57.6;-06 00 51; 4.41; 1.63;  M3III             ;*